id,Name,TotalVotes,Percentage
2,MILORAD DODIK - SAVEZ NEZAVISNIH SOCIJALDEMOKRATA - SNSD - MILORAD DODIK,82,48.52
2,JELENA TRIVIĆ - PDP - PARTIJA DEMOKRATSKOG PROGRESA,78,46.15
2,RADISLAV JOVIČIĆ - DNS-DEMOKRATSKI NARODNI SAVEZ,2,1.18
2,MILIVOJEVIĆ CVIJETIN - NEZAVISNI KANDIDAT,2,1.18
2,ANĐELIĆ MILAN - NEZAVISNI KANDIDAT,1,0.59
2,VLADIMIR BIJELIĆ - STRANKA ŽIVOT,1,0.59
2,DRAGIČEVIĆ DUŠAN - NEZAVISNI KANDIDAT,1,0.59
2,ILIĆ MIROSLAV - NEZAVISNI KANDIDAT,1,0.59
2,DEJAN PEJIĆ - LIBERALNA STRANKA - LS BIH,1,0.59
2,BUBIĆ JELENKO - NEZAVISNI KANDIDAT,0,0
2,IVANOVIĆ DALIBOR - NEZAVISNI KANDIDAT,0,0
2,AMIR REKO - EKOLOŠKA PARTIJA REPUBLIKE SRPSKE,0,0
2,DAČAJ GAZMEND - NEZAVISNI KANDIDAT,0,0
2,GAŠEVIĆ IGOR - NEZAVISNI KANDIDAT,0,0
2,ZORAN KALINIĆ - NAŠA PRIČA REPUBLIKA SRPSKA,0,0
2,JUSUF ARIFAGIĆ - ZA DRŽAVU BIH,0,0
2,SENAD BRATIĆ - POKRET DRŽAVA,0,0
2,"DAVOR PRANJIĆ - HDZ BIH,HSP BIH,HKDU,HSP AS,HSP HB,HRAST,HDU",0,0
2,BEGIĆ IVAN - NEZAVISNI KANDIDAT,0,0
2,DURAKOVIĆ ĆAMIL - NEZAVISNI KANDIDAT,0,0
2,ĐURĐEVIĆ DUŠKO - NEZAVISNI KANDIDAT,0,0
2,SMILJANIĆ MILJAN - NEZAVISNI KANDIDAT,0,0
2,DOBRILOVIĆ ANA - NEZAVISNI KANDIDAT,0,0
2,NIKOLA SUVAJAC - NS,0,0
2,DESPOT DAVOR - NEZAVISNI KANDIDAT,0,0
2,MILOŠEVIĆ GORAN - NEZAVISNI KANDIDAT,0,0
2,"LJUBIŠA ALADŽIĆ - SRPSKA NAPREDNA STRANKA RS-FBIH ""ZA PROMJENE""",0,0
2,ALEN POPOVIĆ - NOVO DOBA,0,0
2,NEĐO ĐURIĆ - SPS - SOCIJALISTIČKA PARTIJA SRPSKE - GORAN SELAK,0,0
2,SEKULIĆ SLAVKO - NEZAVISNI KANDIDAT,0,0
2,DRAGIČEVIĆ SLAVKO - NEZAVISNI KANDIDAT,0,0
3,JELENA TRIVIĆ - PDP - PARTIJA DEMOKRATSKOG PROGRESA,96,56.14
3,MILORAD DODIK - SAVEZ NEZAVISNIH SOCIJALDEMOKRATA - SNSD - MILORAD DODIK,67,39.18
3,DEJAN PEJIĆ - LIBERALNA STRANKA - LS BIH,2,1.17
3,MILIVOJEVIĆ CVIJETIN - NEZAVISNI KANDIDAT,2,1.17
3,"DAVOR PRANJIĆ - HDZ BIH,HSP BIH,HKDU,HSP AS,HSP HB,HRAST,HDU",1,0.58
3,BUBIĆ JELENKO - NEZAVISNI KANDIDAT,1,0.58
3,IVANOVIĆ DALIBOR - NEZAVISNI KANDIDAT,1,0.58
3,ILIĆ MIROSLAV - NEZAVISNI KANDIDAT,1,0.58
3,VLADIMIR BIJELIĆ - STRANKA ŽIVOT,0,0
3,ANĐELIĆ MILAN - NEZAVISNI KANDIDAT,0,0
3,BEGIĆ IVAN - NEZAVISNI KANDIDAT,0,0
3,SENAD BRATIĆ - POKRET DRŽAVA,0,0
3,ĐURĐEVIĆ DUŠKO - NEZAVISNI KANDIDAT,0,0
3,JUSUF ARIFAGIĆ - ZA DRŽAVU BIH,0,0
3,SMILJANIĆ MILJAN - NEZAVISNI KANDIDAT,0,0
3,DAČAJ GAZMEND - NEZAVISNI KANDIDAT,0,0
3,DOBRILOVIĆ ANA - NEZAVISNI KANDIDAT,0,0
3,DRAGIČEVIĆ SLAVKO - NEZAVISNI KANDIDAT,0,0
3,MILOŠEVIĆ GORAN - NEZAVISNI KANDIDAT,0,0
3,DURAKOVIĆ ĆAMIL - NEZAVISNI KANDIDAT,0,0
3,NIKOLA SUVAJAC - NS,0,0
3,ZORAN KALINIĆ - NAŠA PRIČA REPUBLIKA SRPSKA,0,0
3,GAŠEVIĆ IGOR - NEZAVISNI KANDIDAT,0,0
3,AMIR REKO - EKOLOŠKA PARTIJA REPUBLIKE SRPSKE,0,0
3,DESPOT DAVOR - NEZAVISNI KANDIDAT,0,0
3,NEĐO ĐURIĆ - SPS - SOCIJALISTIČKA PARTIJA SRPSKE - GORAN SELAK,0,0
3,ALEN POPOVIĆ - NOVO DOBA,0,0
3,DRAGIČEVIĆ DUŠAN - NEZAVISNI KANDIDAT,0,0
3,"LJUBIŠA ALADŽIĆ - SRPSKA NAPREDNA STRANKA RS-FBIH ""ZA PROMJENE""",0,0
3,SEKULIĆ SLAVKO - NEZAVISNI KANDIDAT,0,0
3,RADISLAV JOVIČIĆ - DNS-DEMOKRATSKI NARODNI SAVEZ,0,0
4,MILORAD DODIK - SAVEZ NEZAVISNIH SOCIJALDEMOKRATA - SNSD - MILORAD DODIK,157,64.08
4,JELENA TRIVIĆ - PDP - PARTIJA DEMOKRATSKOG PROGRESA,77,31.43
4,ILIĆ MIROSLAV - NEZAVISNI KANDIDAT,2,0.82
4,DEJAN PEJIĆ - LIBERALNA STRANKA - LS BIH,2,0.82
4,RADISLAV JOVIČIĆ - DNS-DEMOKRATSKI NARODNI SAVEZ,1,0.41
4,MILOŠEVIĆ GORAN - NEZAVISNI KANDIDAT,1,0.41
4,NEĐO ĐURIĆ - SPS - SOCIJALISTIČKA PARTIJA SRPSKE - GORAN SELAK,1,0.41
4,IVANOVIĆ DALIBOR - NEZAVISNI KANDIDAT,1,0.41
4,MILIVOJEVIĆ CVIJETIN - NEZAVISNI KANDIDAT,1,0.41
4,DOBRILOVIĆ ANA - NEZAVISNI KANDIDAT,1,0.41
4,VLADIMIR BIJELIĆ - STRANKA ŽIVOT,1,0.41
4,ĐURĐEVIĆ DUŠKO - NEZAVISNI KANDIDAT,0,0
4,JUSUF ARIFAGIĆ - ZA DRŽAVU BIH,0,0
4,SENAD BRATIĆ - POKRET DRŽAVA,0,0
4,"DAVOR PRANJIĆ - HDZ BIH,HSP BIH,HKDU,HSP AS,HSP HB,HRAST,HDU",0,0
4,BUBIĆ JELENKO - NEZAVISNI KANDIDAT,0,0
4,BEGIĆ IVAN - NEZAVISNI KANDIDAT,0,0
4,ANĐELIĆ MILAN - NEZAVISNI KANDIDAT,0,0
4,DAČAJ GAZMEND - NEZAVISNI KANDIDAT,0,0
4,AMIR REKO - EKOLOŠKA PARTIJA REPUBLIKE SRPSKE,0,0
4,DESPOT DAVOR - NEZAVISNI KANDIDAT,0,0
4,SMILJANIĆ MILJAN - NEZAVISNI KANDIDAT,0,0
4,NIKOLA SUVAJAC - NS,0,0
4,ZORAN KALINIĆ - NAŠA PRIČA REPUBLIKA SRPSKA,0,0
4,GAŠEVIĆ IGOR - NEZAVISNI KANDIDAT,0,0
4,DURAKOVIĆ ĆAMIL - NEZAVISNI KANDIDAT,0,0
4,SEKULIĆ SLAVKO - NEZAVISNI KANDIDAT,0,0
4,ALEN POPOVIĆ - NOVO DOBA,0,0
4,DRAGIČEVIĆ DUŠAN - NEZAVISNI KANDIDAT,0,0
4,DRAGIČEVIĆ SLAVKO - NEZAVISNI KANDIDAT,0,0
4,"LJUBIŠA ALADŽIĆ - SRPSKA NAPREDNA STRANKA RS-FBIH ""ZA PROMJENE""",0,0
5,MILORAD DODIK - SAVEZ NEZAVISNIH SOCIJALDEMOKRATA - SNSD - MILORAD DODIK,56,56.57
5,JELENA TRIVIĆ - PDP - PARTIJA DEMOKRATSKOG PROGRESA,31,31.31
5,ĐURĐEVIĆ DUŠKO - NEZAVISNI KANDIDAT,3,3.03
5,DEJAN PEJIĆ - LIBERALNA STRANKA - LS BIH,2,2.02
5,RADISLAV JOVIČIĆ - DNS-DEMOKRATSKI NARODNI SAVEZ,2,2.02
5,IVANOVIĆ DALIBOR - NEZAVISNI KANDIDAT,1,1.01
5,ALEN POPOVIĆ - NOVO DOBA,1,1.01
5,VLADIMIR BIJELIĆ - STRANKA ŽIVOT,1,1.01
5,NEĐO ĐURIĆ - SPS - SOCIJALISTIČKA PARTIJA SRPSKE - GORAN SELAK,1,1.01
5,DRAGIČEVIĆ DUŠAN - NEZAVISNI KANDIDAT,1,1.01
5,SEKULIĆ SLAVKO - NEZAVISNI KANDIDAT,0,0
5,"DAVOR PRANJIĆ - HDZ BIH,HSP BIH,HKDU,HSP AS,HSP HB,HRAST,HDU",0,0
5,SENAD BRATIĆ - POKRET DRŽAVA,0,0
5,JUSUF ARIFAGIĆ - ZA DRŽAVU BIH,0,0
5,DAČAJ GAZMEND - NEZAVISNI KANDIDAT,0,0
5,MILIVOJEVIĆ CVIJETIN - NEZAVISNI KANDIDAT,0,0
5,DRAGIČEVIĆ SLAVKO - NEZAVISNI KANDIDAT,0,0
5,ILIĆ MIROSLAV - NEZAVISNI KANDIDAT,0,0
5,BUBIĆ JELENKO - NEZAVISNI KANDIDAT,0,0
5,BEGIĆ IVAN - NEZAVISNI KANDIDAT,0,0
5,AMIR REKO - EKOLOŠKA PARTIJA REPUBLIKE SRPSKE,0,0
5,DURAKOVIĆ ĆAMIL - NEZAVISNI KANDIDAT,0,0
5,GAŠEVIĆ IGOR - NEZAVISNI KANDIDAT,0,0
5,ANĐELIĆ MILAN - NEZAVISNI KANDIDAT,0,0
5,NIKOLA SUVAJAC - NS,0,0
5,"LJUBIŠA ALADŽIĆ - SRPSKA NAPREDNA STRANKA RS-FBIH ""ZA PROMJENE""",0,0
5,ZORAN KALINIĆ - NAŠA PRIČA REPUBLIKA SRPSKA,0,0
5,DESPOT DAVOR - NEZAVISNI KANDIDAT,0,0
5,DOBRILOVIĆ ANA - NEZAVISNI KANDIDAT,0,0
5,SMILJANIĆ MILJAN - NEZAVISNI KANDIDAT,0,0
5,MILOŠEVIĆ GORAN - NEZAVISNI KANDIDAT,0,0
6,MILORAD DODIK - SAVEZ NEZAVISNIH SOCIJALDEMOKRATA - SNSD - MILORAD DODIK,144,47.68
6,JELENA TRIVIĆ - PDP - PARTIJA DEMOKRATSKOG PROGRESA,143,47.35
6,SENAD BRATIĆ - POKRET DRŽAVA,5,1.66
6,ILIĆ MIROSLAV - NEZAVISNI KANDIDAT,2,0.66
6,RADISLAV JOVIČIĆ - DNS-DEMOKRATSKI NARODNI SAVEZ,2,0.66
6,DURAKOVIĆ ĆAMIL - NEZAVISNI KANDIDAT,2,0.66
6,JUSUF ARIFAGIĆ - ZA DRŽAVU BIH,1,0.33
6,NEĐO ĐURIĆ - SPS - SOCIJALISTIČKA PARTIJA SRPSKE - GORAN SELAK,1,0.33
6,IVANOVIĆ DALIBOR - NEZAVISNI KANDIDAT,1,0.33
6,DEJAN PEJIĆ - LIBERALNA STRANKA - LS BIH,1,0.33
6,DRAGIČEVIĆ SLAVKO - NEZAVISNI KANDIDAT,0,0
6,"DAVOR PRANJIĆ - HDZ BIH,HSP BIH,HKDU,HSP AS,HSP HB,HRAST,HDU",0,0
6,AMIR REKO - EKOLOŠKA PARTIJA REPUBLIKE SRPSKE,0,0
6,NIKOLA SUVAJAC - NS,0,0
6,ĐURĐEVIĆ DUŠKO - NEZAVISNI KANDIDAT,0,0
6,DAČAJ GAZMEND - NEZAVISNI KANDIDAT,0,0
6,MILIVOJEVIĆ CVIJETIN - NEZAVISNI KANDIDAT,0,0
6,GAŠEVIĆ IGOR - NEZAVISNI KANDIDAT,0,0
6,BUBIĆ JELENKO - NEZAVISNI KANDIDAT,0,0
6,ANĐELIĆ MILAN - NEZAVISNI KANDIDAT,0,0
6,BEGIĆ IVAN - NEZAVISNI KANDIDAT,0,0
6,DRAGIČEVIĆ DUŠAN - NEZAVISNI KANDIDAT,0,0
6,SMILJANIĆ MILJAN - NEZAVISNI KANDIDAT,0,0
6,DOBRILOVIĆ ANA - NEZAVISNI KANDIDAT,0,0
6,DESPOT DAVOR - NEZAVISNI KANDIDAT,0,0
6,MILOŠEVIĆ GORAN - NEZAVISNI KANDIDAT,0,0
6,"LJUBIŠA ALADŽIĆ - SRPSKA NAPREDNA STRANKA RS-FBIH ""ZA PROMJENE""",0,0
6,VLADIMIR BIJELIĆ - STRANKA ŽIVOT,0,0
6,ALEN POPOVIĆ - NOVO DOBA,0,0
6,ZORAN KALINIĆ - NAŠA PRIČA REPUBLIKA SRPSKA,0,0
6,SEKULIĆ SLAVKO - NEZAVISNI KANDIDAT,0,0
7,JELENA TRIVIĆ - PDP - PARTIJA DEMOKRATSKOG PROGRESA,127,48.29
7,MILORAD DODIK - SAVEZ NEZAVISNIH SOCIJALDEMOKRATA - SNSD - MILORAD DODIK,117,44.49
7,SENAD BRATIĆ - POKRET DRŽAVA,11,4.18
7,JUSUF ARIFAGIĆ - ZA DRŽAVU BIH,3,1.14
7,DEJAN PEJIĆ - LIBERALNA STRANKA - LS BIH,2,0.76
7,DURAKOVIĆ ĆAMIL - NEZAVISNI KANDIDAT,1,0.38
7,IVANOVIĆ DALIBOR - NEZAVISNI KANDIDAT,1,0.38
7,DAČAJ GAZMEND - NEZAVISNI KANDIDAT,1,0.38
7,BEGIĆ IVAN - NEZAVISNI KANDIDAT,0,0
7,BUBIĆ JELENKO - NEZAVISNI KANDIDAT,0,0
7,ILIĆ MIROSLAV - NEZAVISNI KANDIDAT,0,0
7,MILIVOJEVIĆ CVIJETIN - NEZAVISNI KANDIDAT,0,0
7,ĐURĐEVIĆ DUŠKO - NEZAVISNI KANDIDAT,0,0
7,AMIR REKO - EKOLOŠKA PARTIJA REPUBLIKE SRPSKE,0,0
7,RADISLAV JOVIČIĆ - DNS-DEMOKRATSKI NARODNI SAVEZ,0,0
7,"DAVOR PRANJIĆ - HDZ BIH,HSP BIH,HKDU,HSP AS,HSP HB,HRAST,HDU",0,0
7,ANĐELIĆ MILAN - NEZAVISNI KANDIDAT,0,0
7,NIKOLA SUVAJAC - NS,0,0
7,VLADIMIR BIJELIĆ - STRANKA ŽIVOT,0,0
7,DOBRILOVIĆ ANA - NEZAVISNI KANDIDAT,0,0
7,ZORAN KALINIĆ - NAŠA PRIČA REPUBLIKA SRPSKA,0,0
7,GAŠEVIĆ IGOR - NEZAVISNI KANDIDAT,0,0
7,DRAGIČEVIĆ SLAVKO - NEZAVISNI KANDIDAT,0,0
7,SMILJANIĆ MILJAN - NEZAVISNI KANDIDAT,0,0
7,NEĐO ĐURIĆ - SPS - SOCIJALISTIČKA PARTIJA SRPSKE - GORAN SELAK,0,0
7,SEKULIĆ SLAVKO - NEZAVISNI KANDIDAT,0,0
7,DRAGIČEVIĆ DUŠAN - NEZAVISNI KANDIDAT,0,0
7,"LJUBIŠA ALADŽIĆ - SRPSKA NAPREDNA STRANKA RS-FBIH ""ZA PROMJENE""",0,0
7,MILOŠEVIĆ GORAN - NEZAVISNI KANDIDAT,0,0
7,DESPOT DAVOR - NEZAVISNI KANDIDAT,0,0
7,ALEN POPOVIĆ - NOVO DOBA,0,0
8,JELENA TRIVIĆ - PDP - PARTIJA DEMOKRATSKOG PROGRESA,204,52.17
8,MILORAD DODIK - SAVEZ NEZAVISNIH SOCIJALDEMOKRATA - SNSD - MILORAD DODIK,148,37.85
8,SENAD BRATIĆ - POKRET DRŽAVA,23,5.88
8,DURAKOVIĆ ĆAMIL - NEZAVISNI KANDIDAT,4,1.02
8,JUSUF ARIFAGIĆ - ZA DRŽAVU BIH,3,0.77
8,BEGIĆ IVAN - NEZAVISNI KANDIDAT,2,0.51
8,DRAGIČEVIĆ DUŠAN - NEZAVISNI KANDIDAT,1,0.26
8,BUBIĆ JELENKO - NEZAVISNI KANDIDAT,1,0.26
8,NEĐO ĐURIĆ - SPS - SOCIJALISTIČKA PARTIJA SRPSKE - GORAN SELAK,1,0.26
8,ALEN POPOVIĆ - NOVO DOBA,1,0.26
8,ZORAN KALINIĆ - NAŠA PRIČA REPUBLIKA SRPSKA,1,0.26
8,DEJAN PEJIĆ - LIBERALNA STRANKA - LS BIH,1,0.26
8,DRAGIČEVIĆ SLAVKO - NEZAVISNI KANDIDAT,1,0.26
8,"DAVOR PRANJIĆ - HDZ BIH,HSP BIH,HKDU,HSP AS,HSP HB,HRAST,HDU",0,0
8,AMIR REKO - EKOLOŠKA PARTIJA REPUBLIKE SRPSKE,0,0
8,RADISLAV JOVIČIĆ - DNS-DEMOKRATSKI NARODNI SAVEZ,0,0
8,ĐURĐEVIĆ DUŠKO - NEZAVISNI KANDIDAT,0,0
8,MILIVOJEVIĆ CVIJETIN - NEZAVISNI KANDIDAT,0,0
8,IVANOVIĆ DALIBOR - NEZAVISNI KANDIDAT,0,0
8,ILIĆ MIROSLAV - NEZAVISNI KANDIDAT,0,0
8,NIKOLA SUVAJAC - NS,0,0
8,DAČAJ GAZMEND - NEZAVISNI KANDIDAT,0,0
8,VLADIMIR BIJELIĆ - STRANKA ŽIVOT,0,0
8,SEKULIĆ SLAVKO - NEZAVISNI KANDIDAT,0,0
8,ANĐELIĆ MILAN - NEZAVISNI KANDIDAT,0,0
8,"LJUBIŠA ALADŽIĆ - SRPSKA NAPREDNA STRANKA RS-FBIH ""ZA PROMJENE""",0,0
8,MILOŠEVIĆ GORAN - NEZAVISNI KANDIDAT,0,0
8,DESPOT DAVOR - NEZAVISNI KANDIDAT,0,0
8,DOBRILOVIĆ ANA - NEZAVISNI KANDIDAT,0,0
8,SMILJANIĆ MILJAN - NEZAVISNI KANDIDAT,0,0
8,GAŠEVIĆ IGOR - NEZAVISNI KANDIDAT,0,0
9,JELENA TRIVIĆ - PDP - PARTIJA DEMOKRATSKOG PROGRESA,77,41.18
9,SENAD BRATIĆ - POKRET DRŽAVA,51,27.27
9,MILORAD DODIK - SAVEZ NEZAVISNIH SOCIJALDEMOKRATA - SNSD - MILORAD DODIK,28,14.97
9,JUSUF ARIFAGIĆ - ZA DRŽAVU BIH,15,8.02
9,DURAKOVIĆ ĆAMIL - NEZAVISNI KANDIDAT,11,5.88
9,IVANOVIĆ DALIBOR - NEZAVISNI KANDIDAT,1,0.53
9,MILIVOJEVIĆ CVIJETIN - NEZAVISNI KANDIDAT,1,0.53
9,ILIĆ MIROSLAV - NEZAVISNI KANDIDAT,1,0.53
9,DEJAN PEJIĆ - LIBERALNA STRANKA - LS BIH,1,0.53
9,DOBRILOVIĆ ANA - NEZAVISNI KANDIDAT,1,0.53
9,ĐURĐEVIĆ DUŠKO - NEZAVISNI KANDIDAT,0,0
9,"DAVOR PRANJIĆ - HDZ BIH,HSP BIH,HKDU,HSP AS,HSP HB,HRAST,HDU",0,0
9,BUBIĆ JELENKO - NEZAVISNI KANDIDAT,0,0
9,BEGIĆ IVAN - NEZAVISNI KANDIDAT,0,0
9,ANĐELIĆ MILAN - NEZAVISNI KANDIDAT,0,0
9,VLADIMIR BIJELIĆ - STRANKA ŽIVOT,0,0
9,SMILJANIĆ MILJAN - NEZAVISNI KANDIDAT,0,0
9,DAČAJ GAZMEND - NEZAVISNI KANDIDAT,0,0
9,MILOŠEVIĆ GORAN - NEZAVISNI KANDIDAT,0,0
9,RADISLAV JOVIČIĆ - DNS-DEMOKRATSKI NARODNI SAVEZ,0,0
9,AMIR REKO - EKOLOŠKA PARTIJA REPUBLIKE SRPSKE,0,0
9,NIKOLA SUVAJAC - NS,0,0
9,ZORAN KALINIĆ - NAŠA PRIČA REPUBLIKA SRPSKA,0,0
9,GAŠEVIĆ IGOR - NEZAVISNI KANDIDAT,0,0
9,DESPOT DAVOR - NEZAVISNI KANDIDAT,0,0
9,SEKULIĆ SLAVKO - NEZAVISNI KANDIDAT,0,0
9,NEĐO ĐURIĆ - SPS - SOCIJALISTIČKA PARTIJA SRPSKE - GORAN SELAK,0,0
9,ALEN POPOVIĆ - NOVO DOBA,0,0
9,DRAGIČEVIĆ DUŠAN - NEZAVISNI KANDIDAT,0,0
9,"LJUBIŠA ALADŽIĆ - SRPSKA NAPREDNA STRANKA RS-FBIH ""ZA PROMJENE""",0,0
9,DRAGIČEVIĆ SLAVKO - NEZAVISNI KANDIDAT,0,0
10,JELENA TRIVIĆ - PDP - PARTIJA DEMOKRATSKOG PROGRESA,114,41.76
10,MILORAD DODIK - SAVEZ NEZAVISNIH SOCIJALDEMOKRATA - SNSD - MILORAD DODIK,98,35.9
10,SENAD BRATIĆ - POKRET DRŽAVA,26,9.52
10,JUSUF ARIFAGIĆ - ZA DRŽAVU BIH,15,5.49
10,DURAKOVIĆ ĆAMIL - NEZAVISNI KANDIDAT,13,4.76
10,BUBIĆ JELENKO - NEZAVISNI KANDIDAT,2,0.73
10,DAČAJ GAZMEND - NEZAVISNI KANDIDAT,1,0.37
10,MILIVOJEVIĆ CVIJETIN - NEZAVISNI KANDIDAT,1,0.37
10,RADISLAV JOVIČIĆ - DNS-DEMOKRATSKI NARODNI SAVEZ,1,0.37
10,ILIĆ MIROSLAV - NEZAVISNI KANDIDAT,1,0.37
10,NEĐO ĐURIĆ - SPS - SOCIJALISTIČKA PARTIJA SRPSKE - GORAN SELAK,1,0.37
10,VLADIMIR BIJELIĆ - STRANKA ŽIVOT,0,0
10,ANĐELIĆ MILAN - NEZAVISNI KANDIDAT,0,0
10,IVANOVIĆ DALIBOR - NEZAVISNI KANDIDAT,0,0
10,ĐURĐEVIĆ DUŠKO - NEZAVISNI KANDIDAT,0,0
10,"DAVOR PRANJIĆ - HDZ BIH,HSP BIH,HKDU,HSP AS,HSP HB,HRAST,HDU",0,0
10,BEGIĆ IVAN - NEZAVISNI KANDIDAT,0,0
10,SMILJANIĆ MILJAN - NEZAVISNI KANDIDAT,0,0
10,DOBRILOVIĆ ANA - NEZAVISNI KANDIDAT,0,0
10,MILOŠEVIĆ GORAN - NEZAVISNI KANDIDAT,0,0
10,AMIR REKO - EKOLOŠKA PARTIJA REPUBLIKE SRPSKE,0,0
10,NIKOLA SUVAJAC - NS,0,0
10,DEJAN PEJIĆ - LIBERALNA STRANKA - LS BIH,0,0
10,ZORAN KALINIĆ - NAŠA PRIČA REPUBLIKA SRPSKA,0,0
10,DESPOT DAVOR - NEZAVISNI KANDIDAT,0,0
10,GAŠEVIĆ IGOR - NEZAVISNI KANDIDAT,0,0
10,SEKULIĆ SLAVKO - NEZAVISNI KANDIDAT,0,0
10,ALEN POPOVIĆ - NOVO DOBA,0,0
10,DRAGIČEVIĆ DUŠAN - NEZAVISNI KANDIDAT,0,0
10,"LJUBIŠA ALADŽIĆ - SRPSKA NAPREDNA STRANKA RS-FBIH ""ZA PROMJENE""",0,0
10,DRAGIČEVIĆ SLAVKO - NEZAVISNI KANDIDAT,0,0
11,JELENA TRIVIĆ - PDP - PARTIJA DEMOKRATSKOG PROGRESA,135,45
11,MILORAD DODIK - SAVEZ NEZAVISNIH SOCIJALDEMOKRATA - SNSD - MILORAD DODIK,90,30
11,SENAD BRATIĆ - POKRET DRŽAVA,38,12.67
11,JUSUF ARIFAGIĆ - ZA DRŽAVU BIH,13,4.33
11,DEJAN PEJIĆ - LIBERALNA STRANKA - LS BIH,7,2.33
11,DURAKOVIĆ ĆAMIL - NEZAVISNI KANDIDAT,6,2
11,RADISLAV JOVIČIĆ - DNS-DEMOKRATSKI NARODNI SAVEZ,5,1.67
11,ANĐELIĆ MILAN - NEZAVISNI KANDIDAT,1,0.33
11,BEGIĆ IVAN - NEZAVISNI KANDIDAT,1,0.33
11,DAČAJ GAZMEND - NEZAVISNI KANDIDAT,1,0.33
11,DRAGIČEVIĆ SLAVKO - NEZAVISNI KANDIDAT,1,0.33
11,GAŠEVIĆ IGOR - NEZAVISNI KANDIDAT,1,0.33
11,ĐURĐEVIĆ DUŠKO - NEZAVISNI KANDIDAT,1,0.33
11,MILIVOJEVIĆ CVIJETIN - NEZAVISNI KANDIDAT,0,0
11,IVANOVIĆ DALIBOR - NEZAVISNI KANDIDAT,0,0
11,BUBIĆ JELENKO - NEZAVISNI KANDIDAT,0,0
11,"DAVOR PRANJIĆ - HDZ BIH,HSP BIH,HKDU,HSP AS,HSP HB,HRAST,HDU",0,0
11,VLADIMIR BIJELIĆ - STRANKA ŽIVOT,0,0
11,ILIĆ MIROSLAV - NEZAVISNI KANDIDAT,0,0
11,DOBRILOVIĆ ANA - NEZAVISNI KANDIDAT,0,0
11,AMIR REKO - EKOLOŠKA PARTIJA REPUBLIKE SRPSKE,0,0
11,NIKOLA SUVAJAC - NS,0,0
11,ZORAN KALINIĆ - NAŠA PRIČA REPUBLIKA SRPSKA,0,0
11,SEKULIĆ SLAVKO - NEZAVISNI KANDIDAT,0,0
11,NEĐO ĐURIĆ - SPS - SOCIJALISTIČKA PARTIJA SRPSKE - GORAN SELAK,0,0
11,SMILJANIĆ MILJAN - NEZAVISNI KANDIDAT,0,0
11,DRAGIČEVIĆ DUŠAN - NEZAVISNI KANDIDAT,0,0
11,ALEN POPOVIĆ - NOVO DOBA,0,0
11,"LJUBIŠA ALADŽIĆ - SRPSKA NAPREDNA STRANKA RS-FBIH ""ZA PROMJENE""",0,0
11,MILOŠEVIĆ GORAN - NEZAVISNI KANDIDAT,0,0
11,DESPOT DAVOR - NEZAVISNI KANDIDAT,0,0
12,JELENA TRIVIĆ - PDP - PARTIJA DEMOKRATSKOG PROGRESA,235,49.89
12,MILORAD DODIK - SAVEZ NEZAVISNIH SOCIJALDEMOKRATA - SNSD - MILORAD DODIK,216,45.86
12,RADISLAV JOVIČIĆ - DNS-DEMOKRATSKI NARODNI SAVEZ,5,1.06
12,"DAVOR PRANJIĆ - HDZ BIH,HSP BIH,HKDU,HSP AS,HSP HB,HRAST,HDU",3,0.64
12,ILIĆ MIROSLAV - NEZAVISNI KANDIDAT,3,0.64
12,BEGIĆ IVAN - NEZAVISNI KANDIDAT,2,0.42
12,ALEN POPOVIĆ - NOVO DOBA,1,0.21
12,IVANOVIĆ DALIBOR - NEZAVISNI KANDIDAT,1,0.21
12,MILOŠEVIĆ GORAN - NEZAVISNI KANDIDAT,1,0.21
12,NEĐO ĐURIĆ - SPS - SOCIJALISTIČKA PARTIJA SRPSKE - GORAN SELAK,1,0.21
12,JUSUF ARIFAGIĆ - ZA DRŽAVU BIH,1,0.21
12,SEKULIĆ SLAVKO - NEZAVISNI KANDIDAT,1,0.21
12,DEJAN PEJIĆ - LIBERALNA STRANKA - LS BIH,1,0.21
12,DRAGIČEVIĆ SLAVKO - NEZAVISNI KANDIDAT,0,0
12,AMIR REKO - EKOLOŠKA PARTIJA REPUBLIKE SRPSKE,0,0
12,SENAD BRATIĆ - POKRET DRŽAVA,0,0
12,DAČAJ GAZMEND - NEZAVISNI KANDIDAT,0,0
12,MILIVOJEVIĆ CVIJETIN - NEZAVISNI KANDIDAT,0,0
12,DURAKOVIĆ ĆAMIL - NEZAVISNI KANDIDAT,0,0
12,NIKOLA SUVAJAC - NS,0,0
12,BUBIĆ JELENKO - NEZAVISNI KANDIDAT,0,0
12,ĐURĐEVIĆ DUŠKO - NEZAVISNI KANDIDAT,0,0
12,VLADIMIR BIJELIĆ - STRANKA ŽIVOT,0,0
12,SMILJANIĆ MILJAN - NEZAVISNI KANDIDAT,0,0
12,DOBRILOVIĆ ANA - NEZAVISNI KANDIDAT,0,0
12,DESPOT DAVOR - NEZAVISNI KANDIDAT,0,0
12,ZORAN KALINIĆ - NAŠA PRIČA REPUBLIKA SRPSKA,0,0
12,GAŠEVIĆ IGOR - NEZAVISNI KANDIDAT,0,0
12,ANĐELIĆ MILAN - NEZAVISNI KANDIDAT,0,0
12,"LJUBIŠA ALADŽIĆ - SRPSKA NAPREDNA STRANKA RS-FBIH ""ZA PROMJENE""",0,0
12,DRAGIČEVIĆ DUŠAN - NEZAVISNI KANDIDAT,0,0
13,JELENA TRIVIĆ - PDP - PARTIJA DEMOKRATSKOG PROGRESA,259,56.3
13,MILORAD DODIK - SAVEZ NEZAVISNIH SOCIJALDEMOKRATA - SNSD - MILORAD DODIK,163,35.43
13,RADISLAV JOVIČIĆ - DNS-DEMOKRATSKI NARODNI SAVEZ,13,2.83
13,SENAD BRATIĆ - POKRET DRŽAVA,4,0.87
13,DURAKOVIĆ ĆAMIL - NEZAVISNI KANDIDAT,3,0.65
13,AMIR REKO - EKOLOŠKA PARTIJA REPUBLIKE SRPSKE,2,0.43
13,MILOŠEVIĆ GORAN - NEZAVISNI KANDIDAT,2,0.43
13,NEĐO ĐURIĆ - SPS - SOCIJALISTIČKA PARTIJA SRPSKE - GORAN SELAK,2,0.43
13,ILIĆ MIROSLAV - NEZAVISNI KANDIDAT,2,0.43
13,DOBRILOVIĆ ANA - NEZAVISNI KANDIDAT,1,0.22
13,IVANOVIĆ DALIBOR - NEZAVISNI KANDIDAT,1,0.22
13,MILIVOJEVIĆ CVIJETIN - NEZAVISNI KANDIDAT,1,0.22
13,ANĐELIĆ MILAN - NEZAVISNI KANDIDAT,1,0.22
13,"LJUBIŠA ALADŽIĆ - SRPSKA NAPREDNA STRANKA RS-FBIH ""ZA PROMJENE""",1,0.22
13,NIKOLA SUVAJAC - NS,1,0.22
13,"DAVOR PRANJIĆ - HDZ BIH,HSP BIH,HKDU,HSP AS,HSP HB,HRAST,HDU",1,0.22
13,SEKULIĆ SLAVKO - NEZAVISNI KANDIDAT,1,0.22
13,DEJAN PEJIĆ - LIBERALNA STRANKA - LS BIH,1,0.22
13,GAŠEVIĆ IGOR - NEZAVISNI KANDIDAT,1,0.22
13,JUSUF ARIFAGIĆ - ZA DRŽAVU BIH,0,0
13,ĐURĐEVIĆ DUŠKO - NEZAVISNI KANDIDAT,0,0
13,DAČAJ GAZMEND - NEZAVISNI KANDIDAT,0,0
13,ZORAN KALINIĆ - NAŠA PRIČA REPUBLIKA SRPSKA,0,0
13,BUBIĆ JELENKO - NEZAVISNI KANDIDAT,0,0
13,BEGIĆ IVAN - NEZAVISNI KANDIDAT,0,0
13,DRAGIČEVIĆ SLAVKO - NEZAVISNI KANDIDAT,0,0
13,VLADIMIR BIJELIĆ - STRANKA ŽIVOT,0,0
13,SMILJANIĆ MILJAN - NEZAVISNI KANDIDAT,0,0
13,DESPOT DAVOR - NEZAVISNI KANDIDAT,0,0
13,DRAGIČEVIĆ DUŠAN - NEZAVISNI KANDIDAT,0,0
13,ALEN POPOVIĆ - NOVO DOBA,0,0
14,MILORAD DODIK - SAVEZ NEZAVISNIH SOCIJALDEMOKRATA - SNSD - MILORAD DODIK,277,57.23
14,JELENA TRIVIĆ - PDP - PARTIJA DEMOKRATSKOG PROGRESA,195,40.29
14,RADISLAV JOVIČIĆ - DNS-DEMOKRATSKI NARODNI SAVEZ,3,0.62
14,"DAVOR PRANJIĆ - HDZ BIH,HSP BIH,HKDU,HSP AS,HSP HB,HRAST,HDU",1,0.21
14,MILIVOJEVIĆ CVIJETIN - NEZAVISNI KANDIDAT,1,0.21
14,IVANOVIĆ DALIBOR - NEZAVISNI KANDIDAT,1,0.21
14,ANĐELIĆ MILAN - NEZAVISNI KANDIDAT,1,0.21
14,DOBRILOVIĆ ANA - NEZAVISNI KANDIDAT,1,0.21
14,MILOŠEVIĆ GORAN - NEZAVISNI KANDIDAT,1,0.21
14,DRAGIČEVIĆ DUŠAN - NEZAVISNI KANDIDAT,1,0.21
14,NEĐO ĐURIĆ - SPS - SOCIJALISTIČKA PARTIJA SRPSKE - GORAN SELAK,1,0.21
14,DEJAN PEJIĆ - LIBERALNA STRANKA - LS BIH,1,0.21
14,ALEN POPOVIĆ - NOVO DOBA,0,0
14,SEKULIĆ SLAVKO - NEZAVISNI KANDIDAT,0,0
14,AMIR REKO - EKOLOŠKA PARTIJA REPUBLIKE SRPSKE,0,0
14,JUSUF ARIFAGIĆ - ZA DRŽAVU BIH,0,0
14,ĐURĐEVIĆ DUŠKO - NEZAVISNI KANDIDAT,0,0
14,DAČAJ GAZMEND - NEZAVISNI KANDIDAT,0,0
14,DURAKOVIĆ ĆAMIL - NEZAVISNI KANDIDAT,0,0
14,NIKOLA SUVAJAC - NS,0,0
14,ILIĆ MIROSLAV - NEZAVISNI KANDIDAT,0,0
14,BUBIĆ JELENKO - NEZAVISNI KANDIDAT,0,0
14,SENAD BRATIĆ - POKRET DRŽAVA,0,0
14,BEGIĆ IVAN - NEZAVISNI KANDIDAT,0,0
14,VLADIMIR BIJELIĆ - STRANKA ŽIVOT,0,0
14,SMILJANIĆ MILJAN - NEZAVISNI KANDIDAT,0,0
14,ZORAN KALINIĆ - NAŠA PRIČA REPUBLIKA SRPSKA,0,0
14,DESPOT DAVOR - NEZAVISNI KANDIDAT,0,0
14,GAŠEVIĆ IGOR - NEZAVISNI KANDIDAT,0,0
14,"LJUBIŠA ALADŽIĆ - SRPSKA NAPREDNA STRANKA RS-FBIH ""ZA PROMJENE""",0,0
14,DRAGIČEVIĆ SLAVKO - NEZAVISNI KANDIDAT,0,0
15,MILORAD DODIK - SAVEZ NEZAVISNIH SOCIJALDEMOKRATA - SNSD - MILORAD DODIK,29,70.73
15,JELENA TRIVIĆ - PDP - PARTIJA DEMOKRATSKOG PROGRESA,11,26.83
15,MILOŠEVIĆ GORAN - NEZAVISNI KANDIDAT,1,2.44
15,VLADIMIR BIJELIĆ - STRANKA ŽIVOT,0,0
15,ANĐELIĆ MILAN - NEZAVISNI KANDIDAT,0,0
15,"DAVOR PRANJIĆ - HDZ BIH,HSP BIH,HKDU,HSP AS,HSP HB,HRAST,HDU",0,0
15,BEGIĆ IVAN - NEZAVISNI KANDIDAT,0,0
15,SMILJANIĆ MILJAN - NEZAVISNI KANDIDAT,0,0
15,BUBIĆ JELENKO - NEZAVISNI KANDIDAT,0,0
15,ĐURĐEVIĆ DUŠKO - NEZAVISNI KANDIDAT,0,0
15,IVANOVIĆ DALIBOR - NEZAVISNI KANDIDAT,0,0
15,MILIVOJEVIĆ CVIJETIN - NEZAVISNI KANDIDAT,0,0
15,DAČAJ GAZMEND - NEZAVISNI KANDIDAT,0,0
15,JUSUF ARIFAGIĆ - ZA DRŽAVU BIH,0,0
15,SENAD BRATIĆ - POKRET DRŽAVA,0,0
15,ILIĆ MIROSLAV - NEZAVISNI KANDIDAT,0,0
15,DOBRILOVIĆ ANA - NEZAVISNI KANDIDAT,0,0
15,"LJUBIŠA ALADŽIĆ - SRPSKA NAPREDNA STRANKA RS-FBIH ""ZA PROMJENE""",0,0
15,DRAGIČEVIĆ DUŠAN - NEZAVISNI KANDIDAT,0,0
15,DESPOT DAVOR - NEZAVISNI KANDIDAT,0,0
15,RADISLAV JOVIČIĆ - DNS-DEMOKRATSKI NARODNI SAVEZ,0,0
15,AMIR REKO - EKOLOŠKA PARTIJA REPUBLIKE SRPSKE,0,0
15,DURAKOVIĆ ĆAMIL - NEZAVISNI KANDIDAT,0,0
15,NIKOLA SUVAJAC - NS,0,0
15,DEJAN PEJIĆ - LIBERALNA STRANKA - LS BIH,0,0
15,DRAGIČEVIĆ SLAVKO - NEZAVISNI KANDIDAT,0,0
15,GAŠEVIĆ IGOR - NEZAVISNI KANDIDAT,0,0
15,ZORAN KALINIĆ - NAŠA PRIČA REPUBLIKA SRPSKA,0,0
15,SEKULIĆ SLAVKO - NEZAVISNI KANDIDAT,0,0
15,NEĐO ĐURIĆ - SPS - SOCIJALISTIČKA PARTIJA SRPSKE - GORAN SELAK,0,0
15,ALEN POPOVIĆ - NOVO DOBA,0,0
16,JELENA TRIVIĆ - PDP - PARTIJA DEMOKRATSKOG PROGRESA,171,51.82
16,MILORAD DODIK - SAVEZ NEZAVISNIH SOCIJALDEMOKRATA - SNSD - MILORAD DODIK,152,46.06
16,ĐURĐEVIĆ DUŠKO - NEZAVISNI KANDIDAT,2,0.61
16,IVANOVIĆ DALIBOR - NEZAVISNI KANDIDAT,1,0.3
16,DRAGIČEVIĆ DUŠAN - NEZAVISNI KANDIDAT,1,0.3
16,RADISLAV JOVIČIĆ - DNS-DEMOKRATSKI NARODNI SAVEZ,1,0.3
16,MILIVOJEVIĆ CVIJETIN - NEZAVISNI KANDIDAT,1,0.3
16,DEJAN PEJIĆ - LIBERALNA STRANKA - LS BIH,1,0.3
16,SMILJANIĆ MILJAN - NEZAVISNI KANDIDAT,0,0
16,JUSUF ARIFAGIĆ - ZA DRŽAVU BIH,0,0
16,ILIĆ MIROSLAV - NEZAVISNI KANDIDAT,0,0
16,BUBIĆ JELENKO - NEZAVISNI KANDIDAT,0,0
16,BEGIĆ IVAN - NEZAVISNI KANDIDAT,0,0
16,SENAD BRATIĆ - POKRET DRŽAVA,0,0
16,ANĐELIĆ MILAN - NEZAVISNI KANDIDAT,0,0
16,VLADIMIR BIJELIĆ - STRANKA ŽIVOT,0,0
16,DAČAJ GAZMEND - NEZAVISNI KANDIDAT,0,0
16,"DAVOR PRANJIĆ - HDZ BIH,HSP BIH,HKDU,HSP AS,HSP HB,HRAST,HDU",0,0
16,DOBRILOVIĆ ANA - NEZAVISNI KANDIDAT,0,0
16,MILOŠEVIĆ GORAN - NEZAVISNI KANDIDAT,0,0
16,DURAKOVIĆ ĆAMIL - NEZAVISNI KANDIDAT,0,0
16,NIKOLA SUVAJAC - NS,0,0
16,ZORAN KALINIĆ - NAŠA PRIČA REPUBLIKA SRPSKA,0,0
16,GAŠEVIĆ IGOR - NEZAVISNI KANDIDAT,0,0
16,DRAGIČEVIĆ SLAVKO - NEZAVISNI KANDIDAT,0,0
16,SEKULIĆ SLAVKO - NEZAVISNI KANDIDAT,0,0
16,NEĐO ĐURIĆ - SPS - SOCIJALISTIČKA PARTIJA SRPSKE - GORAN SELAK,0,0
16,ALEN POPOVIĆ - NOVO DOBA,0,0
16,"LJUBIŠA ALADŽIĆ - SRPSKA NAPREDNA STRANKA RS-FBIH ""ZA PROMJENE""",0,0
16,AMIR REKO - EKOLOŠKA PARTIJA REPUBLIKE SRPSKE,0,0
16,DESPOT DAVOR - NEZAVISNI KANDIDAT,0,0
17,MILORAD DODIK - SAVEZ NEZAVISNIH SOCIJALDEMOKRATA - SNSD - MILORAD DODIK,134,52.55
17,JELENA TRIVIĆ - PDP - PARTIJA DEMOKRATSKOG PROGRESA,99,38.82
17,SENAD BRATIĆ - POKRET DRŽAVA,11,4.31
17,DEJAN PEJIĆ - LIBERALNA STRANKA - LS BIH,4,1.57
17,BEGIĆ IVAN - NEZAVISNI KANDIDAT,2,0.78
17,DRAGIČEVIĆ SLAVKO - NEZAVISNI KANDIDAT,1,0.39
17,DURAKOVIĆ ĆAMIL - NEZAVISNI KANDIDAT,1,0.39
17,JUSUF ARIFAGIĆ - ZA DRŽAVU BIH,1,0.39
17,SEKULIĆ SLAVKO - NEZAVISNI KANDIDAT,1,0.39
17,IVANOVIĆ DALIBOR - NEZAVISNI KANDIDAT,1,0.39
17,BUBIĆ JELENKO - NEZAVISNI KANDIDAT,0,0
17,ILIĆ MIROSLAV - NEZAVISNI KANDIDAT,0,0
17,"DAVOR PRANJIĆ - HDZ BIH,HSP BIH,HKDU,HSP AS,HSP HB,HRAST,HDU",0,0
17,DAČAJ GAZMEND - NEZAVISNI KANDIDAT,0,0
17,ĐURĐEVIĆ DUŠKO - NEZAVISNI KANDIDAT,0,0
17,ANĐELIĆ MILAN - NEZAVISNI KANDIDAT,0,0
17,MILIVOJEVIĆ CVIJETIN - NEZAVISNI KANDIDAT,0,0
17,VLADIMIR BIJELIĆ - STRANKA ŽIVOT,0,0
17,DOBRILOVIĆ ANA - NEZAVISNI KANDIDAT,0,0
17,AMIR REKO - EKOLOŠKA PARTIJA REPUBLIKE SRPSKE,0,0
17,NIKOLA SUVAJAC - NS,0,0
17,ZORAN KALINIĆ - NAŠA PRIČA REPUBLIKA SRPSKA,0,0
17,GAŠEVIĆ IGOR - NEZAVISNI KANDIDAT,0,0
17,NEĐO ĐURIĆ - SPS - SOCIJALISTIČKA PARTIJA SRPSKE - GORAN SELAK,0,0
17,ALEN POPOVIĆ - NOVO DOBA,0,0
17,DRAGIČEVIĆ DUŠAN - NEZAVISNI KANDIDAT,0,0
17,"LJUBIŠA ALADŽIĆ - SRPSKA NAPREDNA STRANKA RS-FBIH ""ZA PROMJENE""",0,0
17,MILOŠEVIĆ GORAN - NEZAVISNI KANDIDAT,0,0
17,DESPOT DAVOR - NEZAVISNI KANDIDAT,0,0
17,SMILJANIĆ MILJAN - NEZAVISNI KANDIDAT,0,0
17,RADISLAV JOVIČIĆ - DNS-DEMOKRATSKI NARODNI SAVEZ,0,0
18,SENAD BRATIĆ - POKRET DRŽAVA,202,72.4
18,DURAKOVIĆ ĆAMIL - NEZAVISNI KANDIDAT,50,17.92
18,JUSUF ARIFAGIĆ - ZA DRŽAVU BIH,23,8.24
18,JELENA TRIVIĆ - PDP - PARTIJA DEMOKRATSKOG PROGRESA,3,1.08
18,ALEN POPOVIĆ - NOVO DOBA,1,0.36
18,VLADIMIR BIJELIĆ - STRANKA ŽIVOT,0,0
18,BEGIĆ IVAN - NEZAVISNI KANDIDAT,0,0
18,ANĐELIĆ MILAN - NEZAVISNI KANDIDAT,0,0
18,BUBIĆ JELENKO - NEZAVISNI KANDIDAT,0,0
18,SMILJANIĆ MILJAN - NEZAVISNI KANDIDAT,0,0
18,IVANOVIĆ DALIBOR - NEZAVISNI KANDIDAT,0,0
18,MILIVOJEVIĆ CVIJETIN - NEZAVISNI KANDIDAT,0,0
18,DAČAJ GAZMEND - NEZAVISNI KANDIDAT,0,0
18,ĐURĐEVIĆ DUŠKO - NEZAVISNI KANDIDAT,0,0
18,"DAVOR PRANJIĆ - HDZ BIH,HSP BIH,HKDU,HSP AS,HSP HB,HRAST,HDU",0,0
18,ILIĆ MIROSLAV - NEZAVISNI KANDIDAT,0,0
18,DOBRILOVIĆ ANA - NEZAVISNI KANDIDAT,0,0
18,MILORAD DODIK - SAVEZ NEZAVISNIH SOCIJALDEMOKRATA - SNSD - MILORAD DODIK,0,0
18,MILOŠEVIĆ GORAN - NEZAVISNI KANDIDAT,0,0
18,AMIR REKO - EKOLOŠKA PARTIJA REPUBLIKE SRPSKE,0,0
18,NIKOLA SUVAJAC - NS,0,0
18,DEJAN PEJIĆ - LIBERALNA STRANKA - LS BIH,0,0
18,ZORAN KALINIĆ - NAŠA PRIČA REPUBLIKA SRPSKA,0,0
18,DESPOT DAVOR - NEZAVISNI KANDIDAT,0,0
18,GAŠEVIĆ IGOR - NEZAVISNI KANDIDAT,0,0
18,SEKULIĆ SLAVKO - NEZAVISNI KANDIDAT,0,0
18,NEĐO ĐURIĆ - SPS - SOCIJALISTIČKA PARTIJA SRPSKE - GORAN SELAK,0,0
18,DRAGIČEVIĆ DUŠAN - NEZAVISNI KANDIDAT,0,0
18,"LJUBIŠA ALADŽIĆ - SRPSKA NAPREDNA STRANKA RS-FBIH ""ZA PROMJENE""",0,0
18,DRAGIČEVIĆ SLAVKO - NEZAVISNI KANDIDAT,0,0
18,RADISLAV JOVIČIĆ - DNS-DEMOKRATSKI NARODNI SAVEZ,0,0
19,MILORAD DODIK - SAVEZ NEZAVISNIH SOCIJALDEMOKRATA - SNSD - MILORAD DODIK,81,45.25
19,JELENA TRIVIĆ - PDP - PARTIJA DEMOKRATSKOG PROGRESA,66,36.87
19,SENAD BRATIĆ - POKRET DRŽAVA,17,9.5
19,DURAKOVIĆ ĆAMIL - NEZAVISNI KANDIDAT,6,3.35
19,JUSUF ARIFAGIĆ - ZA DRŽAVU BIH,5,2.79
19,"DAVOR PRANJIĆ - HDZ BIH,HSP BIH,HKDU,HSP AS,HSP HB,HRAST,HDU",1,0.56
19,NIKOLA SUVAJAC - NS,1,0.56
19,ĐURĐEVIĆ DUŠKO - NEZAVISNI KANDIDAT,1,0.56
19,"LJUBIŠA ALADŽIĆ - SRPSKA NAPREDNA STRANKA RS-FBIH ""ZA PROMJENE""",1,0.56
19,ANĐELIĆ MILAN - NEZAVISNI KANDIDAT,0,0
19,BEGIĆ IVAN - NEZAVISNI KANDIDAT,0,0
19,BUBIĆ JELENKO - NEZAVISNI KANDIDAT,0,0
19,MILIVOJEVIĆ CVIJETIN - NEZAVISNI KANDIDAT,0,0
19,IVANOVIĆ DALIBOR - NEZAVISNI KANDIDAT,0,0
19,DAČAJ GAZMEND - NEZAVISNI KANDIDAT,0,0
19,VLADIMIR BIJELIĆ - STRANKA ŽIVOT,0,0
19,ILIĆ MIROSLAV - NEZAVISNI KANDIDAT,0,0
19,SMILJANIĆ MILJAN - NEZAVISNI KANDIDAT,0,0
19,RADISLAV JOVIČIĆ - DNS-DEMOKRATSKI NARODNI SAVEZ,0,0
19,DESPOT DAVOR - NEZAVISNI KANDIDAT,0,0
19,DOBRILOVIĆ ANA - NEZAVISNI KANDIDAT,0,0
19,DEJAN PEJIĆ - LIBERALNA STRANKA - LS BIH,0,0
19,ZORAN KALINIĆ - NAŠA PRIČA REPUBLIKA SRPSKA,0,0
19,GAŠEVIĆ IGOR - NEZAVISNI KANDIDAT,0,0
19,DRAGIČEVIĆ SLAVKO - NEZAVISNI KANDIDAT,0,0
19,AMIR REKO - EKOLOŠKA PARTIJA REPUBLIKE SRPSKE,0,0
19,NEĐO ĐURIĆ - SPS - SOCIJALISTIČKA PARTIJA SRPSKE - GORAN SELAK,0,0
19,ALEN POPOVIĆ - NOVO DOBA,0,0
19,DRAGIČEVIĆ DUŠAN - NEZAVISNI KANDIDAT,0,0
19,MILOŠEVIĆ GORAN - NEZAVISNI KANDIDAT,0,0
19,SEKULIĆ SLAVKO - NEZAVISNI KANDIDAT,0,0
20,JELENA TRIVIĆ - PDP - PARTIJA DEMOKRATSKOG PROGRESA,281,54.25
20,MILORAD DODIK - SAVEZ NEZAVISNIH SOCIJALDEMOKRATA - SNSD - MILORAD DODIK,216,41.7
20,DEJAN PEJIĆ - LIBERALNA STRANKA - LS BIH,5,0.97
20,RADISLAV JOVIČIĆ - DNS-DEMOKRATSKI NARODNI SAVEZ,4,0.77
20,IVANOVIĆ DALIBOR - NEZAVISNI KANDIDAT,3,0.58
20,SEKULIĆ SLAVKO - NEZAVISNI KANDIDAT,2,0.39
20,MILIVOJEVIĆ CVIJETIN - NEZAVISNI KANDIDAT,2,0.39
20,ILIĆ MIROSLAV - NEZAVISNI KANDIDAT,1,0.19
20,"LJUBIŠA ALADŽIĆ - SRPSKA NAPREDNA STRANKA RS-FBIH ""ZA PROMJENE""",1,0.19
20,SENAD BRATIĆ - POKRET DRŽAVA,1,0.19
20,NIKOLA SUVAJAC - NS,1,0.19
20,JUSUF ARIFAGIĆ - ZA DRŽAVU BIH,1,0.19
20,ĐURĐEVIĆ DUŠKO - NEZAVISNI KANDIDAT,0,0
20,BUBIĆ JELENKO - NEZAVISNI KANDIDAT,0,0
20,"DAVOR PRANJIĆ - HDZ BIH,HSP BIH,HKDU,HSP AS,HSP HB,HRAST,HDU",0,0
20,BEGIĆ IVAN - NEZAVISNI KANDIDAT,0,0
20,ANĐELIĆ MILAN - NEZAVISNI KANDIDAT,0,0
20,DAČAJ GAZMEND - NEZAVISNI KANDIDAT,0,0
20,VLADIMIR BIJELIĆ - STRANKA ŽIVOT,0,0
20,DOBRILOVIĆ ANA - NEZAVISNI KANDIDAT,0,0
20,DESPOT DAVOR - NEZAVISNI KANDIDAT,0,0
20,MILOŠEVIĆ GORAN - NEZAVISNI KANDIDAT,0,0
20,DRAGIČEVIĆ DUŠAN - NEZAVISNI KANDIDAT,0,0
20,ALEN POPOVIĆ - NOVO DOBA,0,0
20,NEĐO ĐURIĆ - SPS - SOCIJALISTIČKA PARTIJA SRPSKE - GORAN SELAK,0,0
20,DRAGIČEVIĆ SLAVKO - NEZAVISNI KANDIDAT,0,0
20,GAŠEVIĆ IGOR - NEZAVISNI KANDIDAT,0,0
20,ZORAN KALINIĆ - NAŠA PRIČA REPUBLIKA SRPSKA,0,0
20,DURAKOVIĆ ĆAMIL - NEZAVISNI KANDIDAT,0,0
20,AMIR REKO - EKOLOŠKA PARTIJA REPUBLIKE SRPSKE,0,0
20,SMILJANIĆ MILJAN - NEZAVISNI KANDIDAT,0,0
21,MILORAD DODIK - SAVEZ NEZAVISNIH SOCIJALDEMOKRATA - SNSD - MILORAD DODIK,41,54.67
21,JELENA TRIVIĆ - PDP - PARTIJA DEMOKRATSKOG PROGRESA,31,41.33
21,"DAVOR PRANJIĆ - HDZ BIH,HSP BIH,HKDU,HSP AS,HSP HB,HRAST,HDU",1,1.33
21,IVANOVIĆ DALIBOR - NEZAVISNI KANDIDAT,1,1.33
21,SENAD BRATIĆ - POKRET DRŽAVA,1,1.33
21,JUSUF ARIFAGIĆ - ZA DRŽAVU BIH,0,0
21,SMILJANIĆ MILJAN - NEZAVISNI KANDIDAT,0,0
21,VLADIMIR BIJELIĆ - STRANKA ŽIVOT,0,0
21,ANĐELIĆ MILAN - NEZAVISNI KANDIDAT,0,0
21,BEGIĆ IVAN - NEZAVISNI KANDIDAT,0,0
21,BUBIĆ JELENKO - NEZAVISNI KANDIDAT,0,0
21,MILIVOJEVIĆ CVIJETIN - NEZAVISNI KANDIDAT,0,0
21,DAČAJ GAZMEND - NEZAVISNI KANDIDAT,0,0
21,ĐURĐEVIĆ DUŠKO - NEZAVISNI KANDIDAT,0,0
21,DOBRILOVIĆ ANA - NEZAVISNI KANDIDAT,0,0
21,DESPOT DAVOR - NEZAVISNI KANDIDAT,0,0
21,ILIĆ MIROSLAV - NEZAVISNI KANDIDAT,0,0
21,"LJUBIŠA ALADŽIĆ - SRPSKA NAPREDNA STRANKA RS-FBIH ""ZA PROMJENE""",0,0
21,RADISLAV JOVIČIĆ - DNS-DEMOKRATSKI NARODNI SAVEZ,0,0
21,AMIR REKO - EKOLOŠKA PARTIJA REPUBLIKE SRPSKE,0,0
21,DURAKOVIĆ ĆAMIL - NEZAVISNI KANDIDAT,0,0
21,NIKOLA SUVAJAC - NS,0,0
21,DEJAN PEJIĆ - LIBERALNA STRANKA - LS BIH,0,0
21,ZORAN KALINIĆ - NAŠA PRIČA REPUBLIKA SRPSKA,0,0
21,MILOŠEVIĆ GORAN - NEZAVISNI KANDIDAT,0,0
21,DRAGIČEVIĆ SLAVKO - NEZAVISNI KANDIDAT,0,0
21,SEKULIĆ SLAVKO - NEZAVISNI KANDIDAT,0,0
21,NEĐO ĐURIĆ - SPS - SOCIJALISTIČKA PARTIJA SRPSKE - GORAN SELAK,0,0
21,ALEN POPOVIĆ - NOVO DOBA,0,0
21,DRAGIČEVIĆ DUŠAN - NEZAVISNI KANDIDAT,0,0
21,GAŠEVIĆ IGOR - NEZAVISNI KANDIDAT,0,0
22,JELENA TRIVIĆ - PDP - PARTIJA DEMOKRATSKOG PROGRESA,39,49.37
22,MILORAD DODIK - SAVEZ NEZAVISNIH SOCIJALDEMOKRATA - SNSD - MILORAD DODIK,38,48.1
22,RADISLAV JOVIČIĆ - DNS-DEMOKRATSKI NARODNI SAVEZ,1,1.27
22,VLADIMIR BIJELIĆ - STRANKA ŽIVOT,1,1.27
22,BUBIĆ JELENKO - NEZAVISNI KANDIDAT,0,0
22,ANĐELIĆ MILAN - NEZAVISNI KANDIDAT,0,0
22,ILIĆ MIROSLAV - NEZAVISNI KANDIDAT,0,0
22,BEGIĆ IVAN - NEZAVISNI KANDIDAT,0,0
22,IVANOVIĆ DALIBOR - NEZAVISNI KANDIDAT,0,0
22,SENAD BRATIĆ - POKRET DRŽAVA,0,0
22,DAČAJ GAZMEND - NEZAVISNI KANDIDAT,0,0
22,ĐURĐEVIĆ DUŠKO - NEZAVISNI KANDIDAT,0,0
22,JUSUF ARIFAGIĆ - ZA DRŽAVU BIH,0,0
22,SMILJANIĆ MILJAN - NEZAVISNI KANDIDAT,0,0
22,"DAVOR PRANJIĆ - HDZ BIH,HSP BIH,HKDU,HSP AS,HSP HB,HRAST,HDU",0,0
22,MILIVOJEVIĆ CVIJETIN - NEZAVISNI KANDIDAT,0,0
22,DOBRILOVIĆ ANA - NEZAVISNI KANDIDAT,0,0
22,DESPOT DAVOR - NEZAVISNI KANDIDAT,0,0
22,MILOŠEVIĆ GORAN - NEZAVISNI KANDIDAT,0,0
22,AMIR REKO - EKOLOŠKA PARTIJA REPUBLIKE SRPSKE,0,0
22,DURAKOVIĆ ĆAMIL - NEZAVISNI KANDIDAT,0,0
22,NIKOLA SUVAJAC - NS,0,0
22,ZORAN KALINIĆ - NAŠA PRIČA REPUBLIKA SRPSKA,0,0
22,GAŠEVIĆ IGOR - NEZAVISNI KANDIDAT,0,0
22,DRAGIČEVIĆ SLAVKO - NEZAVISNI KANDIDAT,0,0
22,DEJAN PEJIĆ - LIBERALNA STRANKA - LS BIH,0,0
22,NEĐO ĐURIĆ - SPS - SOCIJALISTIČKA PARTIJA SRPSKE - GORAN SELAK,0,0
22,SEKULIĆ SLAVKO - NEZAVISNI KANDIDAT,0,0
22,DRAGIČEVIĆ DUŠAN - NEZAVISNI KANDIDAT,0,0
22,"LJUBIŠA ALADŽIĆ - SRPSKA NAPREDNA STRANKA RS-FBIH ""ZA PROMJENE""",0,0
22,ALEN POPOVIĆ - NOVO DOBA,0,0
23,MILORAD DODIK - SAVEZ NEZAVISNIH SOCIJALDEMOKRATA - SNSD - MILORAD DODIK,43,55.84
23,JELENA TRIVIĆ - PDP - PARTIJA DEMOKRATSKOG PROGRESA,32,41.56
23,DAČAJ GAZMEND - NEZAVISNI KANDIDAT,1,1.3
23,ILIĆ MIROSLAV - NEZAVISNI KANDIDAT,1,1.3
23,VLADIMIR BIJELIĆ - STRANKA ŽIVOT,0,0
23,ANĐELIĆ MILAN - NEZAVISNI KANDIDAT,0,0
23,BEGIĆ IVAN - NEZAVISNI KANDIDAT,0,0
23,BUBIĆ JELENKO - NEZAVISNI KANDIDAT,0,0
23,"DAVOR PRANJIĆ - HDZ BIH,HSP BIH,HKDU,HSP AS,HSP HB,HRAST,HDU",0,0
23,MILIVOJEVIĆ CVIJETIN - NEZAVISNI KANDIDAT,0,0
23,ĐURĐEVIĆ DUŠKO - NEZAVISNI KANDIDAT,0,0
23,JUSUF ARIFAGIĆ - ZA DRŽAVU BIH,0,0
23,SENAD BRATIĆ - POKRET DRŽAVA,0,0
23,SMILJANIĆ MILJAN - NEZAVISNI KANDIDAT,0,0
23,IVANOVIĆ DALIBOR - NEZAVISNI KANDIDAT,0,0
23,DOBRILOVIĆ ANA - NEZAVISNI KANDIDAT,0,0
23,NIKOLA SUVAJAC - NS,0,0
23,MILOŠEVIĆ GORAN - NEZAVISNI KANDIDAT,0,0
23,DESPOT DAVOR - NEZAVISNI KANDIDAT,0,0
23,AMIR REKO - EKOLOŠKA PARTIJA REPUBLIKE SRPSKE,0,0
23,DURAKOVIĆ ĆAMIL - NEZAVISNI KANDIDAT,0,0
23,DEJAN PEJIĆ - LIBERALNA STRANKA - LS BIH,0,0
23,GAŠEVIĆ IGOR - NEZAVISNI KANDIDAT,0,0
23,ZORAN KALINIĆ - NAŠA PRIČA REPUBLIKA SRPSKA,0,0
23,SEKULIĆ SLAVKO - NEZAVISNI KANDIDAT,0,0
23,NEĐO ĐURIĆ - SPS - SOCIJALISTIČKA PARTIJA SRPSKE - GORAN SELAK,0,0
23,ALEN POPOVIĆ - NOVO DOBA,0,0
23,DRAGIČEVIĆ DUŠAN - NEZAVISNI KANDIDAT,0,0
23,"LJUBIŠA ALADŽIĆ - SRPSKA NAPREDNA STRANKA RS-FBIH ""ZA PROMJENE""",0,0
23,DRAGIČEVIĆ SLAVKO - NEZAVISNI KANDIDAT,0,0
23,RADISLAV JOVIČIĆ - DNS-DEMOKRATSKI NARODNI SAVEZ,0,0
24,MILORAD DODIK - SAVEZ NEZAVISNIH SOCIJALDEMOKRATA - SNSD - MILORAD DODIK,64,52.89
24,JELENA TRIVIĆ - PDP - PARTIJA DEMOKRATSKOG PROGRESA,53,43.8
24,DRAGIČEVIĆ DUŠAN - NEZAVISNI KANDIDAT,1,0.83
24,DEJAN PEJIĆ - LIBERALNA STRANKA - LS BIH,1,0.83
24,RADISLAV JOVIČIĆ - DNS-DEMOKRATSKI NARODNI SAVEZ,1,0.83
24,SMILJANIĆ MILJAN - NEZAVISNI KANDIDAT,1,0.83
24,ANĐELIĆ MILAN - NEZAVISNI KANDIDAT,0,0
24,BEGIĆ IVAN - NEZAVISNI KANDIDAT,0,0
24,VLADIMIR BIJELIĆ - STRANKA ŽIVOT,0,0
24,BUBIĆ JELENKO - NEZAVISNI KANDIDAT,0,0
24,JUSUF ARIFAGIĆ - ZA DRŽAVU BIH,0,0
24,ILIĆ MIROSLAV - NEZAVISNI KANDIDAT,0,0
24,MILIVOJEVIĆ CVIJETIN - NEZAVISNI KANDIDAT,0,0
24,DAČAJ GAZMEND - NEZAVISNI KANDIDAT,0,0
24,ĐURĐEVIĆ DUŠKO - NEZAVISNI KANDIDAT,0,0
24,"DAVOR PRANJIĆ - HDZ BIH,HSP BIH,HKDU,HSP AS,HSP HB,HRAST,HDU",0,0
24,IVANOVIĆ DALIBOR - NEZAVISNI KANDIDAT,0,0
24,SENAD BRATIĆ - POKRET DRŽAVA,0,0
24,NIKOLA SUVAJAC - NS,0,0
24,DESPOT DAVOR - NEZAVISNI KANDIDAT,0,0
24,AMIR REKO - EKOLOŠKA PARTIJA REPUBLIKE SRPSKE,0,0
24,DURAKOVIĆ ĆAMIL - NEZAVISNI KANDIDAT,0,0
24,ZORAN KALINIĆ - NAŠA PRIČA REPUBLIKA SRPSKA,0,0
24,GAŠEVIĆ IGOR - NEZAVISNI KANDIDAT,0,0
24,DOBRILOVIĆ ANA - NEZAVISNI KANDIDAT,0,0
24,DRAGIČEVIĆ SLAVKO - NEZAVISNI KANDIDAT,0,0
24,NEĐO ĐURIĆ - SPS - SOCIJALISTIČKA PARTIJA SRPSKE - GORAN SELAK,0,0
24,ALEN POPOVIĆ - NOVO DOBA,0,0
24,"LJUBIŠA ALADŽIĆ - SRPSKA NAPREDNA STRANKA RS-FBIH ""ZA PROMJENE""",0,0
24,MILOŠEVIĆ GORAN - NEZAVISNI KANDIDAT,0,0
24,SEKULIĆ SLAVKO - NEZAVISNI KANDIDAT,0,0
25,JELENA TRIVIĆ - PDP - PARTIJA DEMOKRATSKOG PROGRESA,103,52.02
25,MILORAD DODIK - SAVEZ NEZAVISNIH SOCIJALDEMOKRATA - SNSD - MILORAD DODIK,92,46.46
25,ILIĆ MIROSLAV - NEZAVISNI KANDIDAT,1,0.51
25,DEJAN PEJIĆ - LIBERALNA STRANKA - LS BIH,1,0.51
25,NEĐO ĐURIĆ - SPS - SOCIJALISTIČKA PARTIJA SRPSKE - GORAN SELAK,1,0.51
25,ANĐELIĆ MILAN - NEZAVISNI KANDIDAT,0,0
25,BEGIĆ IVAN - NEZAVISNI KANDIDAT,0,0
25,"DAVOR PRANJIĆ - HDZ BIH,HSP BIH,HKDU,HSP AS,HSP HB,HRAST,HDU",0,0
25,BUBIĆ JELENKO - NEZAVISNI KANDIDAT,0,0
25,VLADIMIR BIJELIĆ - STRANKA ŽIVOT,0,0
25,IVANOVIĆ DALIBOR - NEZAVISNI KANDIDAT,0,0
25,MILIVOJEVIĆ CVIJETIN - NEZAVISNI KANDIDAT,0,0
25,DAČAJ GAZMEND - NEZAVISNI KANDIDAT,0,0
25,ĐURĐEVIĆ DUŠKO - NEZAVISNI KANDIDAT,0,0
25,JUSUF ARIFAGIĆ - ZA DRŽAVU BIH,0,0
25,SENAD BRATIĆ - POKRET DRŽAVA,0,0
25,SMILJANIĆ MILJAN - NEZAVISNI KANDIDAT,0,0
25,ALEN POPOVIĆ - NOVO DOBA,0,0
25,DESPOT DAVOR - NEZAVISNI KANDIDAT,0,0
25,RADISLAV JOVIČIĆ - DNS-DEMOKRATSKI NARODNI SAVEZ,0,0
25,AMIR REKO - EKOLOŠKA PARTIJA REPUBLIKE SRPSKE,0,0
25,DOBRILOVIĆ ANA - NEZAVISNI KANDIDAT,0,0
25,NIKOLA SUVAJAC - NS,0,0
25,ZORAN KALINIĆ - NAŠA PRIČA REPUBLIKA SRPSKA,0,0
25,DURAKOVIĆ ĆAMIL - NEZAVISNI KANDIDAT,0,0
25,DRAGIČEVIĆ SLAVKO - NEZAVISNI KANDIDAT,0,0
25,SEKULIĆ SLAVKO - NEZAVISNI KANDIDAT,0,0
25,DRAGIČEVIĆ DUŠAN - NEZAVISNI KANDIDAT,0,0
25,"LJUBIŠA ALADŽIĆ - SRPSKA NAPREDNA STRANKA RS-FBIH ""ZA PROMJENE""",0,0
25,MILOŠEVIĆ GORAN - NEZAVISNI KANDIDAT,0,0
25,GAŠEVIĆ IGOR - NEZAVISNI KANDIDAT,0,0
26,JELENA TRIVIĆ - PDP - PARTIJA DEMOKRATSKOG PROGRESA,115,52.75
26,MILORAD DODIK - SAVEZ NEZAVISNIH SOCIJALDEMOKRATA - SNSD - MILORAD DODIK,95,43.58
26,NIKOLA SUVAJAC - NS,2,0.92
26,RADISLAV JOVIČIĆ - DNS-DEMOKRATSKI NARODNI SAVEZ,2,0.92
26,IVANOVIĆ DALIBOR - NEZAVISNI KANDIDAT,1,0.46
26,DAČAJ GAZMEND - NEZAVISNI KANDIDAT,1,0.46
26,DOBRILOVIĆ ANA - NEZAVISNI KANDIDAT,1,0.46
26,DURAKOVIĆ ĆAMIL - NEZAVISNI KANDIDAT,1,0.46
26,JUSUF ARIFAGIĆ - ZA DRŽAVU BIH,0,0
26,ĐURĐEVIĆ DUŠKO - NEZAVISNI KANDIDAT,0,0
26,MILIVOJEVIĆ CVIJETIN - NEZAVISNI KANDIDAT,0,0
26,"DAVOR PRANJIĆ - HDZ BIH,HSP BIH,HKDU,HSP AS,HSP HB,HRAST,HDU",0,0
26,ILIĆ MIROSLAV - NEZAVISNI KANDIDAT,0,0
26,BUBIĆ JELENKO - NEZAVISNI KANDIDAT,0,0
26,BEGIĆ IVAN - NEZAVISNI KANDIDAT,0,0
26,VLADIMIR BIJELIĆ - STRANKA ŽIVOT,0,0
26,SENAD BRATIĆ - POKRET DRŽAVA,0,0
26,ANĐELIĆ MILAN - NEZAVISNI KANDIDAT,0,0
26,DESPOT DAVOR - NEZAVISNI KANDIDAT,0,0
26,DEJAN PEJIĆ - LIBERALNA STRANKA - LS BIH,0,0
26,ZORAN KALINIĆ - NAŠA PRIČA REPUBLIKA SRPSKA,0,0
26,GAŠEVIĆ IGOR - NEZAVISNI KANDIDAT,0,0
26,DRAGIČEVIĆ SLAVKO - NEZAVISNI KANDIDAT,0,0
26,SEKULIĆ SLAVKO - NEZAVISNI KANDIDAT,0,0
26,NEĐO ĐURIĆ - SPS - SOCIJALISTIČKA PARTIJA SRPSKE - GORAN SELAK,0,0
26,ALEN POPOVIĆ - NOVO DOBA,0,0
26,DRAGIČEVIĆ DUŠAN - NEZAVISNI KANDIDAT,0,0
26,"LJUBIŠA ALADŽIĆ - SRPSKA NAPREDNA STRANKA RS-FBIH ""ZA PROMJENE""",0,0
26,MILOŠEVIĆ GORAN - NEZAVISNI KANDIDAT,0,0
26,SMILJANIĆ MILJAN - NEZAVISNI KANDIDAT,0,0
26,AMIR REKO - EKOLOŠKA PARTIJA REPUBLIKE SRPSKE,0,0
27,MILORAD DODIK - SAVEZ NEZAVISNIH SOCIJALDEMOKRATA - SNSD - MILORAD DODIK,69,51.88
27,JELENA TRIVIĆ - PDP - PARTIJA DEMOKRATSKOG PROGRESA,61,45.86
27,RADISLAV JOVIČIĆ - DNS-DEMOKRATSKI NARODNI SAVEZ,1,0.75
27,DRAGIČEVIĆ DUŠAN - NEZAVISNI KANDIDAT,1,0.75
27,DEJAN PEJIĆ - LIBERALNA STRANKA - LS BIH,1,0.75
27,BEGIĆ IVAN - NEZAVISNI KANDIDAT,0,0
27,ILIĆ MIROSLAV - NEZAVISNI KANDIDAT,0,0
27,BUBIĆ JELENKO - NEZAVISNI KANDIDAT,0,0
27,IVANOVIĆ DALIBOR - NEZAVISNI KANDIDAT,0,0
27,MILIVOJEVIĆ CVIJETIN - NEZAVISNI KANDIDAT,0,0
27,ĐURĐEVIĆ DUŠKO - NEZAVISNI KANDIDAT,0,0
27,JUSUF ARIFAGIĆ - ZA DRŽAVU BIH,0,0
27,SENAD BRATIĆ - POKRET DRŽAVA,0,0
27,"DAVOR PRANJIĆ - HDZ BIH,HSP BIH,HKDU,HSP AS,HSP HB,HRAST,HDU",0,0
27,ANĐELIĆ MILAN - NEZAVISNI KANDIDAT,0,0
27,DAČAJ GAZMEND - NEZAVISNI KANDIDAT,0,0
27,VLADIMIR BIJELIĆ - STRANKA ŽIVOT,0,0
27,SMILJANIĆ MILJAN - NEZAVISNI KANDIDAT,0,0
27,NIKOLA SUVAJAC - NS,0,0
27,DOBRILOVIĆ ANA - NEZAVISNI KANDIDAT,0,0
27,ZORAN KALINIĆ - NAŠA PRIČA REPUBLIKA SRPSKA,0,0
27,GAŠEVIĆ IGOR - NEZAVISNI KANDIDAT,0,0
27,DRAGIČEVIĆ SLAVKO - NEZAVISNI KANDIDAT,0,0
27,AMIR REKO - EKOLOŠKA PARTIJA REPUBLIKE SRPSKE,0,0
27,SEKULIĆ SLAVKO - NEZAVISNI KANDIDAT,0,0
27,NEĐO ĐURIĆ - SPS - SOCIJALISTIČKA PARTIJA SRPSKE - GORAN SELAK,0,0
27,ALEN POPOVIĆ - NOVO DOBA,0,0
27,"LJUBIŠA ALADŽIĆ - SRPSKA NAPREDNA STRANKA RS-FBIH ""ZA PROMJENE""",0,0
27,MILOŠEVIĆ GORAN - NEZAVISNI KANDIDAT,0,0
27,DESPOT DAVOR - NEZAVISNI KANDIDAT,0,0
27,DURAKOVIĆ ĆAMIL - NEZAVISNI KANDIDAT,0,0
28,JELENA TRIVIĆ - PDP - PARTIJA DEMOKRATSKOG PROGRESA,194,53.59
28,MILORAD DODIK - SAVEZ NEZAVISNIH SOCIJALDEMOKRATA - SNSD - MILORAD DODIK,153,42.27
28,RADISLAV JOVIČIĆ - DNS-DEMOKRATSKI NARODNI SAVEZ,6,1.66
28,NEĐO ĐURIĆ - SPS - SOCIJALISTIČKA PARTIJA SRPSKE - GORAN SELAK,3,0.83
28,DRAGIČEVIĆ SLAVKO - NEZAVISNI KANDIDAT,2,0.55
28,"LJUBIŠA ALADŽIĆ - SRPSKA NAPREDNA STRANKA RS-FBIH ""ZA PROMJENE""",1,0.28
28,ĐURĐEVIĆ DUŠKO - NEZAVISNI KANDIDAT,1,0.28
28,DEJAN PEJIĆ - LIBERALNA STRANKA - LS BIH,1,0.28
28,BUBIĆ JELENKO - NEZAVISNI KANDIDAT,1,0.28
28,ANĐELIĆ MILAN - NEZAVISNI KANDIDAT,0,0
28,BEGIĆ IVAN - NEZAVISNI KANDIDAT,0,0
28,VLADIMIR BIJELIĆ - STRANKA ŽIVOT,0,0
28,IVANOVIĆ DALIBOR - NEZAVISNI KANDIDAT,0,0
28,MILIVOJEVIĆ CVIJETIN - NEZAVISNI KANDIDAT,0,0
28,JUSUF ARIFAGIĆ - ZA DRŽAVU BIH,0,0
28,SENAD BRATIĆ - POKRET DRŽAVA,0,0
28,ILIĆ MIROSLAV - NEZAVISNI KANDIDAT,0,0
28,SMILJANIĆ MILJAN - NEZAVISNI KANDIDAT,0,0
28,DAČAJ GAZMEND - NEZAVISNI KANDIDAT,0,0
28,DESPOT DAVOR - NEZAVISNI KANDIDAT,0,0
28,"DAVOR PRANJIĆ - HDZ BIH,HSP BIH,HKDU,HSP AS,HSP HB,HRAST,HDU",0,0
28,AMIR REKO - EKOLOŠKA PARTIJA REPUBLIKE SRPSKE,0,0
28,DURAKOVIĆ ĆAMIL - NEZAVISNI KANDIDAT,0,0
28,NIKOLA SUVAJAC - NS,0,0
28,DOBRILOVIĆ ANA - NEZAVISNI KANDIDAT,0,0
28,ZORAN KALINIĆ - NAŠA PRIČA REPUBLIKA SRPSKA,0,0
28,SEKULIĆ SLAVKO - NEZAVISNI KANDIDAT,0,0
28,ALEN POPOVIĆ - NOVO DOBA,0,0
28,DRAGIČEVIĆ DUŠAN - NEZAVISNI KANDIDAT,0,0
28,MILOŠEVIĆ GORAN - NEZAVISNI KANDIDAT,0,0
28,GAŠEVIĆ IGOR - NEZAVISNI KANDIDAT,0,0
29,JELENA TRIVIĆ - PDP - PARTIJA DEMOKRATSKOG PROGRESA,169,51.52
29,MILORAD DODIK - SAVEZ NEZAVISNIH SOCIJALDEMOKRATA - SNSD - MILORAD DODIK,150,45.73
29,DRAGIČEVIĆ DUŠAN - NEZAVISNI KANDIDAT,2,0.61
29,ILIĆ MIROSLAV - NEZAVISNI KANDIDAT,1,0.3
29,ANĐELIĆ MILAN - NEZAVISNI KANDIDAT,1,0.3
29,JUSUF ARIFAGIĆ - ZA DRŽAVU BIH,1,0.3
29,"LJUBIŠA ALADŽIĆ - SRPSKA NAPREDNA STRANKA RS-FBIH ""ZA PROMJENE""",1,0.3
29,MILIVOJEVIĆ CVIJETIN - NEZAVISNI KANDIDAT,1,0.3
29,BEGIĆ IVAN - NEZAVISNI KANDIDAT,1,0.3
29,NEĐO ĐURIĆ - SPS - SOCIJALISTIČKA PARTIJA SRPSKE - GORAN SELAK,1,0.3
29,DESPOT DAVOR - NEZAVISNI KANDIDAT,0,0
29,VLADIMIR BIJELIĆ - STRANKA ŽIVOT,0,0
29,IVANOVIĆ DALIBOR - NEZAVISNI KANDIDAT,0,0
29,DAČAJ GAZMEND - NEZAVISNI KANDIDAT,0,0
29,ĐURĐEVIĆ DUŠKO - NEZAVISNI KANDIDAT,0,0
29,SENAD BRATIĆ - POKRET DRŽAVA,0,0
29,BUBIĆ JELENKO - NEZAVISNI KANDIDAT,0,0
29,SMILJANIĆ MILJAN - NEZAVISNI KANDIDAT,0,0
29,RADISLAV JOVIČIĆ - DNS-DEMOKRATSKI NARODNI SAVEZ,0,0
29,"DAVOR PRANJIĆ - HDZ BIH,HSP BIH,HKDU,HSP AS,HSP HB,HRAST,HDU",0,0
29,AMIR REKO - EKOLOŠKA PARTIJA REPUBLIKE SRPSKE,0,0
29,DURAKOVIĆ ĆAMIL - NEZAVISNI KANDIDAT,0,0
29,NIKOLA SUVAJAC - NS,0,0
29,DEJAN PEJIĆ - LIBERALNA STRANKA - LS BIH,0,0
29,DOBRILOVIĆ ANA - NEZAVISNI KANDIDAT,0,0
29,ZORAN KALINIĆ - NAŠA PRIČA REPUBLIKA SRPSKA,0,0
29,DRAGIČEVIĆ SLAVKO - NEZAVISNI KANDIDAT,0,0
29,SEKULIĆ SLAVKO - NEZAVISNI KANDIDAT,0,0
29,ALEN POPOVIĆ - NOVO DOBA,0,0
29,MILOŠEVIĆ GORAN - NEZAVISNI KANDIDAT,0,0
29,GAŠEVIĆ IGOR - NEZAVISNI KANDIDAT,0,0
30,MILORAD DODIK - SAVEZ NEZAVISNIH SOCIJALDEMOKRATA - SNSD - MILORAD DODIK,67,50.38
30,JELENA TRIVIĆ - PDP - PARTIJA DEMOKRATSKOG PROGRESA,53,39.85
30,SENAD BRATIĆ - POKRET DRŽAVA,4,3.01
30,DRAGIČEVIĆ SLAVKO - NEZAVISNI KANDIDAT,2,1.5
30,JUSUF ARIFAGIĆ - ZA DRŽAVU BIH,2,1.5
30,DOBRILOVIĆ ANA - NEZAVISNI KANDIDAT,1,0.75
30,DEJAN PEJIĆ - LIBERALNA STRANKA - LS BIH,1,0.75
30,IVANOVIĆ DALIBOR - NEZAVISNI KANDIDAT,1,0.75
30,RADISLAV JOVIČIĆ - DNS-DEMOKRATSKI NARODNI SAVEZ,1,0.75
30,BEGIĆ IVAN - NEZAVISNI KANDIDAT,1,0.75
30,SMILJANIĆ MILJAN - NEZAVISNI KANDIDAT,0,0
30,VLADIMIR BIJELIĆ - STRANKA ŽIVOT,0,0
30,ANĐELIĆ MILAN - NEZAVISNI KANDIDAT,0,0
30,ILIĆ MIROSLAV - NEZAVISNI KANDIDAT,0,0
30,MILIVOJEVIĆ CVIJETIN - NEZAVISNI KANDIDAT,0,0
30,DAČAJ GAZMEND - NEZAVISNI KANDIDAT,0,0
30,BUBIĆ JELENKO - NEZAVISNI KANDIDAT,0,0
30,ĐURĐEVIĆ DUŠKO - NEZAVISNI KANDIDAT,0,0
30,DESPOT DAVOR - NEZAVISNI KANDIDAT,0,0
30,"LJUBIŠA ALADŽIĆ - SRPSKA NAPREDNA STRANKA RS-FBIH ""ZA PROMJENE""",0,0
30,AMIR REKO - EKOLOŠKA PARTIJA REPUBLIKE SRPSKE,0,0
30,DURAKOVIĆ ĆAMIL - NEZAVISNI KANDIDAT,0,0
30,NIKOLA SUVAJAC - NS,0,0
30,ZORAN KALINIĆ - NAŠA PRIČA REPUBLIKA SRPSKA,0,0
30,GAŠEVIĆ IGOR - NEZAVISNI KANDIDAT,0,0
30,SEKULIĆ SLAVKO - NEZAVISNI KANDIDAT,0,0
30,NEĐO ĐURIĆ - SPS - SOCIJALISTIČKA PARTIJA SRPSKE - GORAN SELAK,0,0
30,ALEN POPOVIĆ - NOVO DOBA,0,0
30,DRAGIČEVIĆ DUŠAN - NEZAVISNI KANDIDAT,0,0
30,MILOŠEVIĆ GORAN - NEZAVISNI KANDIDAT,0,0
30,"DAVOR PRANJIĆ - HDZ BIH,HSP BIH,HKDU,HSP AS,HSP HB,HRAST,HDU",0,0
31,MILORAD DODIK - SAVEZ NEZAVISNIH SOCIJALDEMOKRATA - SNSD - MILORAD DODIK,79,66.39
31,JELENA TRIVIĆ - PDP - PARTIJA DEMOKRATSKOG PROGRESA,38,31.93
31,DEJAN PEJIĆ - LIBERALNA STRANKA - LS BIH,1,0.84
31,DOBRILOVIĆ ANA - NEZAVISNI KANDIDAT,1,0.84
31,ĐURĐEVIĆ DUŠKO - NEZAVISNI KANDIDAT,0,0
31,SMILJANIĆ MILJAN - NEZAVISNI KANDIDAT,0,0
31,VLADIMIR BIJELIĆ - STRANKA ŽIVOT,0,0
31,ANĐELIĆ MILAN - NEZAVISNI KANDIDAT,0,0
31,BEGIĆ IVAN - NEZAVISNI KANDIDAT,0,0
31,JUSUF ARIFAGIĆ - ZA DRŽAVU BIH,0,0
31,BUBIĆ JELENKO - NEZAVISNI KANDIDAT,0,0
31,IVANOVIĆ DALIBOR - NEZAVISNI KANDIDAT,0,0
31,MILIVOJEVIĆ CVIJETIN - NEZAVISNI KANDIDAT,0,0
31,SENAD BRATIĆ - POKRET DRŽAVA,0,0
31,DAČAJ GAZMEND - NEZAVISNI KANDIDAT,0,0
31,ILIĆ MIROSLAV - NEZAVISNI KANDIDAT,0,0
31,"DAVOR PRANJIĆ - HDZ BIH,HSP BIH,HKDU,HSP AS,HSP HB,HRAST,HDU",0,0
31,DESPOT DAVOR - NEZAVISNI KANDIDAT,0,0
31,"LJUBIŠA ALADŽIĆ - SRPSKA NAPREDNA STRANKA RS-FBIH ""ZA PROMJENE""",0,0
31,MILOŠEVIĆ GORAN - NEZAVISNI KANDIDAT,0,0
31,RADISLAV JOVIČIĆ - DNS-DEMOKRATSKI NARODNI SAVEZ,0,0
31,AMIR REKO - EKOLOŠKA PARTIJA REPUBLIKE SRPSKE,0,0
31,DURAKOVIĆ ĆAMIL - NEZAVISNI KANDIDAT,0,0
31,NIKOLA SUVAJAC - NS,0,0
31,ZORAN KALINIĆ - NAŠA PRIČA REPUBLIKA SRPSKA,0,0
31,DRAGIČEVIĆ SLAVKO - NEZAVISNI KANDIDAT,0,0
31,SEKULIĆ SLAVKO - NEZAVISNI KANDIDAT,0,0
31,NEĐO ĐURIĆ - SPS - SOCIJALISTIČKA PARTIJA SRPSKE - GORAN SELAK,0,0
31,ALEN POPOVIĆ - NOVO DOBA,0,0
31,DRAGIČEVIĆ DUŠAN - NEZAVISNI KANDIDAT,0,0
31,GAŠEVIĆ IGOR - NEZAVISNI KANDIDAT,0,0
32,SENAD BRATIĆ - POKRET DRŽAVA,57,35.4
32,JELENA TRIVIĆ - PDP - PARTIJA DEMOKRATSKOG PROGRESA,36,22.36
32,MILORAD DODIK - SAVEZ NEZAVISNIH SOCIJALDEMOKRATA - SNSD - MILORAD DODIK,33,20.5
32,DURAKOVIĆ ĆAMIL - NEZAVISNI KANDIDAT,16,9.94
32,JUSUF ARIFAGIĆ - ZA DRŽAVU BIH,12,7.45
32,RADISLAV JOVIČIĆ - DNS-DEMOKRATSKI NARODNI SAVEZ,4,2.48
32,DEJAN PEJIĆ - LIBERALNA STRANKA - LS BIH,1,0.62
32,GAŠEVIĆ IGOR - NEZAVISNI KANDIDAT,1,0.62
32,DRAGIČEVIĆ DUŠAN - NEZAVISNI KANDIDAT,1,0.62
32,"DAVOR PRANJIĆ - HDZ BIH,HSP BIH,HKDU,HSP AS,HSP HB,HRAST,HDU",0,0
32,BEGIĆ IVAN - NEZAVISNI KANDIDAT,0,0
32,BUBIĆ JELENKO - NEZAVISNI KANDIDAT,0,0
32,ILIĆ MIROSLAV - NEZAVISNI KANDIDAT,0,0
32,DAČAJ GAZMEND - NEZAVISNI KANDIDAT,0,0
32,MILIVOJEVIĆ CVIJETIN - NEZAVISNI KANDIDAT,0,0
32,ANĐELIĆ MILAN - NEZAVISNI KANDIDAT,0,0
32,ĐURĐEVIĆ DUŠKO - NEZAVISNI KANDIDAT,0,0
32,IVANOVIĆ DALIBOR - NEZAVISNI KANDIDAT,0,0
32,VLADIMIR BIJELIĆ - STRANKA ŽIVOT,0,0
32,DOBRILOVIĆ ANA - NEZAVISNI KANDIDAT,0,0
32,NIKOLA SUVAJAC - NS,0,0
32,SMILJANIĆ MILJAN - NEZAVISNI KANDIDAT,0,0
32,ZORAN KALINIĆ - NAŠA PRIČA REPUBLIKA SRPSKA,0,0
32,DRAGIČEVIĆ SLAVKO - NEZAVISNI KANDIDAT,0,0
32,SEKULIĆ SLAVKO - NEZAVISNI KANDIDAT,0,0
32,NEĐO ĐURIĆ - SPS - SOCIJALISTIČKA PARTIJA SRPSKE - GORAN SELAK,0,0
32,ALEN POPOVIĆ - NOVO DOBA,0,0
32,"LJUBIŠA ALADŽIĆ - SRPSKA NAPREDNA STRANKA RS-FBIH ""ZA PROMJENE""",0,0
32,MILOŠEVIĆ GORAN - NEZAVISNI KANDIDAT,0,0
32,DESPOT DAVOR - NEZAVISNI KANDIDAT,0,0
32,AMIR REKO - EKOLOŠKA PARTIJA REPUBLIKE SRPSKE,0,0
33,MILORAD DODIK - SAVEZ NEZAVISNIH SOCIJALDEMOKRATA - SNSD - MILORAD DODIK,210,49.07
33,JELENA TRIVIĆ - PDP - PARTIJA DEMOKRATSKOG PROGRESA,200,46.73
33,RADISLAV JOVIČIĆ - DNS-DEMOKRATSKI NARODNI SAVEZ,4,0.93
33,ILIĆ MIROSLAV - NEZAVISNI KANDIDAT,2,0.47
33,DEJAN PEJIĆ - LIBERALNA STRANKA - LS BIH,2,0.47
33,IVANOVIĆ DALIBOR - NEZAVISNI KANDIDAT,2,0.47
33,MILIVOJEVIĆ CVIJETIN - NEZAVISNI KANDIDAT,2,0.47
33,ZORAN KALINIĆ - NAŠA PRIČA REPUBLIKA SRPSKA,2,0.47
33,ANĐELIĆ MILAN - NEZAVISNI KANDIDAT,1,0.23
33,BUBIĆ JELENKO - NEZAVISNI KANDIDAT,1,0.23
33,DRAGIČEVIĆ DUŠAN - NEZAVISNI KANDIDAT,1,0.23
33,ALEN POPOVIĆ - NOVO DOBA,1,0.23
33,BEGIĆ IVAN - NEZAVISNI KANDIDAT,0,0
33,"DAVOR PRANJIĆ - HDZ BIH,HSP BIH,HKDU,HSP AS,HSP HB,HRAST,HDU",0,0
33,ĐURĐEVIĆ DUŠKO - NEZAVISNI KANDIDAT,0,0
33,SENAD BRATIĆ - POKRET DRŽAVA,0,0
33,DAČAJ GAZMEND - NEZAVISNI KANDIDAT,0,0
33,VLADIMIR BIJELIĆ - STRANKA ŽIVOT,0,0
33,JUSUF ARIFAGIĆ - ZA DRŽAVU BIH,0,0
33,DOBRILOVIĆ ANA - NEZAVISNI KANDIDAT,0,0
33,DURAKOVIĆ ĆAMIL - NEZAVISNI KANDIDAT,0,0
33,SMILJANIĆ MILJAN - NEZAVISNI KANDIDAT,0,0
33,NIKOLA SUVAJAC - NS,0,0
33,GAŠEVIĆ IGOR - NEZAVISNI KANDIDAT,0,0
33,AMIR REKO - EKOLOŠKA PARTIJA REPUBLIKE SRPSKE,0,0
33,DRAGIČEVIĆ SLAVKO - NEZAVISNI KANDIDAT,0,0
33,NEĐO ĐURIĆ - SPS - SOCIJALISTIČKA PARTIJA SRPSKE - GORAN SELAK,0,0
33,"LJUBIŠA ALADŽIĆ - SRPSKA NAPREDNA STRANKA RS-FBIH ""ZA PROMJENE""",0,0
33,MILOŠEVIĆ GORAN - NEZAVISNI KANDIDAT,0,0
33,DESPOT DAVOR - NEZAVISNI KANDIDAT,0,0
33,SEKULIĆ SLAVKO - NEZAVISNI KANDIDAT,0,0
34,JELENA TRIVIĆ - PDP - PARTIJA DEMOKRATSKOG PROGRESA,171,55.52
34,MILORAD DODIK - SAVEZ NEZAVISNIH SOCIJALDEMOKRATA - SNSD - MILORAD DODIK,123,39.94
34,VLADIMIR BIJELIĆ - STRANKA ŽIVOT,3,0.97
34,IVANOVIĆ DALIBOR - NEZAVISNI KANDIDAT,3,0.97
34,ILIĆ MIROSLAV - NEZAVISNI KANDIDAT,2,0.65
34,SENAD BRATIĆ - POKRET DRŽAVA,1,0.32
34,DURAKOVIĆ ĆAMIL - NEZAVISNI KANDIDAT,1,0.32
34,DEJAN PEJIĆ - LIBERALNA STRANKA - LS BIH,1,0.32
34,BUBIĆ JELENKO - NEZAVISNI KANDIDAT,1,0.32
34,RADISLAV JOVIČIĆ - DNS-DEMOKRATSKI NARODNI SAVEZ,1,0.32
34,NEĐO ĐURIĆ - SPS - SOCIJALISTIČKA PARTIJA SRPSKE - GORAN SELAK,1,0.32
34,ANĐELIĆ MILAN - NEZAVISNI KANDIDAT,0,0
34,BEGIĆ IVAN - NEZAVISNI KANDIDAT,0,0
34,MILIVOJEVIĆ CVIJETIN - NEZAVISNI KANDIDAT,0,0
34,ĐURĐEVIĆ DUŠKO - NEZAVISNI KANDIDAT,0,0
34,"DAVOR PRANJIĆ - HDZ BIH,HSP BIH,HKDU,HSP AS,HSP HB,HRAST,HDU",0,0
34,DAČAJ GAZMEND - NEZAVISNI KANDIDAT,0,0
34,SMILJANIĆ MILJAN - NEZAVISNI KANDIDAT,0,0
34,JUSUF ARIFAGIĆ - ZA DRŽAVU BIH,0,0
34,DESPOT DAVOR - NEZAVISNI KANDIDAT,0,0
34,AMIR REKO - EKOLOŠKA PARTIJA REPUBLIKE SRPSKE,0,0
34,NIKOLA SUVAJAC - NS,0,0
34,ZORAN KALINIĆ - NAŠA PRIČA REPUBLIKA SRPSKA,0,0
34,GAŠEVIĆ IGOR - NEZAVISNI KANDIDAT,0,0
34,DOBRILOVIĆ ANA - NEZAVISNI KANDIDAT,0,0
34,DRAGIČEVIĆ SLAVKO - NEZAVISNI KANDIDAT,0,0
34,ALEN POPOVIĆ - NOVO DOBA,0,0
34,DRAGIČEVIĆ DUŠAN - NEZAVISNI KANDIDAT,0,0
34,"LJUBIŠA ALADŽIĆ - SRPSKA NAPREDNA STRANKA RS-FBIH ""ZA PROMJENE""",0,0
34,MILOŠEVIĆ GORAN - NEZAVISNI KANDIDAT,0,0
34,SEKULIĆ SLAVKO - NEZAVISNI KANDIDAT,0,0
35,JELENA TRIVIĆ - PDP - PARTIJA DEMOKRATSKOG PROGRESA,116,61.7
35,MILORAD DODIK - SAVEZ NEZAVISNIH SOCIJALDEMOKRATA - SNSD - MILORAD DODIK,68,36.17
35,VLADIMIR BIJELIĆ - STRANKA ŽIVOT,1,0.53
35,DEJAN PEJIĆ - LIBERALNA STRANKA - LS BIH,1,0.53
35,MILIVOJEVIĆ CVIJETIN - NEZAVISNI KANDIDAT,1,0.53
35,NEĐO ĐURIĆ - SPS - SOCIJALISTIČKA PARTIJA SRPSKE - GORAN SELAK,1,0.53
35,ANĐELIĆ MILAN - NEZAVISNI KANDIDAT,0,0
35,"DAVOR PRANJIĆ - HDZ BIH,HSP BIH,HKDU,HSP AS,HSP HB,HRAST,HDU",0,0
35,BEGIĆ IVAN - NEZAVISNI KANDIDAT,0,0
35,BUBIĆ JELENKO - NEZAVISNI KANDIDAT,0,0
35,ILIĆ MIROSLAV - NEZAVISNI KANDIDAT,0,0
35,IVANOVIĆ DALIBOR - NEZAVISNI KANDIDAT,0,0
35,DAČAJ GAZMEND - NEZAVISNI KANDIDAT,0,0
35,ĐURĐEVIĆ DUŠKO - NEZAVISNI KANDIDAT,0,0
35,JUSUF ARIFAGIĆ - ZA DRŽAVU BIH,0,0
35,SENAD BRATIĆ - POKRET DRŽAVA,0,0
35,SMILJANIĆ MILJAN - NEZAVISNI KANDIDAT,0,0
35,DRAGIČEVIĆ DUŠAN - NEZAVISNI KANDIDAT,0,0
35,DESPOT DAVOR - NEZAVISNI KANDIDAT,0,0
35,RADISLAV JOVIČIĆ - DNS-DEMOKRATSKI NARODNI SAVEZ,0,0
35,DOBRILOVIĆ ANA - NEZAVISNI KANDIDAT,0,0
35,DURAKOVIĆ ĆAMIL - NEZAVISNI KANDIDAT,0,0
35,NIKOLA SUVAJAC - NS,0,0
35,ZORAN KALINIĆ - NAŠA PRIČA REPUBLIKA SRPSKA,0,0
35,AMIR REKO - EKOLOŠKA PARTIJA REPUBLIKE SRPSKE,0,0
35,DRAGIČEVIĆ SLAVKO - NEZAVISNI KANDIDAT,0,0
35,SEKULIĆ SLAVKO - NEZAVISNI KANDIDAT,0,0
35,ALEN POPOVIĆ - NOVO DOBA,0,0
35,"LJUBIŠA ALADŽIĆ - SRPSKA NAPREDNA STRANKA RS-FBIH ""ZA PROMJENE""",0,0
35,MILOŠEVIĆ GORAN - NEZAVISNI KANDIDAT,0,0
35,GAŠEVIĆ IGOR - NEZAVISNI KANDIDAT,0,0
36,MILORAD DODIK - SAVEZ NEZAVISNIH SOCIJALDEMOKRATA - SNSD - MILORAD DODIK,145,54.72
36,JELENA TRIVIĆ - PDP - PARTIJA DEMOKRATSKOG PROGRESA,106,40
36,RADISLAV JOVIČIĆ - DNS-DEMOKRATSKI NARODNI SAVEZ,4,1.51
36,DEJAN PEJIĆ - LIBERALNA STRANKA - LS BIH,2,0.75
36,DRAGIČEVIĆ DUŠAN - NEZAVISNI KANDIDAT,2,0.75
36,ILIĆ MIROSLAV - NEZAVISNI KANDIDAT,1,0.38
36,VLADIMIR BIJELIĆ - STRANKA ŽIVOT,1,0.38
36,DAČAJ GAZMEND - NEZAVISNI KANDIDAT,1,0.38
36,DOBRILOVIĆ ANA - NEZAVISNI KANDIDAT,1,0.38
36,ZORAN KALINIĆ - NAŠA PRIČA REPUBLIKA SRPSKA,1,0.38
36,DURAKOVIĆ ĆAMIL - NEZAVISNI KANDIDAT,1,0.38
36,DRAGIČEVIĆ SLAVKO - NEZAVISNI KANDIDAT,0,0
36,BUBIĆ JELENKO - NEZAVISNI KANDIDAT,0,0
36,AMIR REKO - EKOLOŠKA PARTIJA REPUBLIKE SRPSKE,0,0
36,IVANOVIĆ DALIBOR - NEZAVISNI KANDIDAT,0,0
36,GAŠEVIĆ IGOR - NEZAVISNI KANDIDAT,0,0
36,ĐURĐEVIĆ DUŠKO - NEZAVISNI KANDIDAT,0,0
36,SENAD BRATIĆ - POKRET DRŽAVA,0,0
36,"DAVOR PRANJIĆ - HDZ BIH,HSP BIH,HKDU,HSP AS,HSP HB,HRAST,HDU",0,0
36,MILIVOJEVIĆ CVIJETIN - NEZAVISNI KANDIDAT,0,0
36,BEGIĆ IVAN - NEZAVISNI KANDIDAT,0,0
36,JUSUF ARIFAGIĆ - ZA DRŽAVU BIH,0,0
36,SMILJANIĆ MILJAN - NEZAVISNI KANDIDAT,0,0
36,ANĐELIĆ MILAN - NEZAVISNI KANDIDAT,0,0
36,NEĐO ĐURIĆ - SPS - SOCIJALISTIČKA PARTIJA SRPSKE - GORAN SELAK,0,0
36,ALEN POPOVIĆ - NOVO DOBA,0,0
36,SEKULIĆ SLAVKO - NEZAVISNI KANDIDAT,0,0
36,MILOŠEVIĆ GORAN - NEZAVISNI KANDIDAT,0,0
36,NIKOLA SUVAJAC - NS,0,0
36,DESPOT DAVOR - NEZAVISNI KANDIDAT,0,0
36,"LJUBIŠA ALADŽIĆ - SRPSKA NAPREDNA STRANKA RS-FBIH ""ZA PROMJENE""",0,0
37,MILORAD DODIK - SAVEZ NEZAVISNIH SOCIJALDEMOKRATA - SNSD - MILORAD DODIK,96,49.74
37,JELENA TRIVIĆ - PDP - PARTIJA DEMOKRATSKOG PROGRESA,94,48.7
37,RADISLAV JOVIČIĆ - DNS-DEMOKRATSKI NARODNI SAVEZ,2,1.04
37,ĐURĐEVIĆ DUŠKO - NEZAVISNI KANDIDAT,1,0.52
37,BUBIĆ JELENKO - NEZAVISNI KANDIDAT,0,0
37,VLADIMIR BIJELIĆ - STRANKA ŽIVOT,0,0
37,ANĐELIĆ MILAN - NEZAVISNI KANDIDAT,0,0
37,BEGIĆ IVAN - NEZAVISNI KANDIDAT,0,0
37,ILIĆ MIROSLAV - NEZAVISNI KANDIDAT,0,0
37,"DAVOR PRANJIĆ - HDZ BIH,HSP BIH,HKDU,HSP AS,HSP HB,HRAST,HDU",0,0
37,MILIVOJEVIĆ CVIJETIN - NEZAVISNI KANDIDAT,0,0
37,DAČAJ GAZMEND - NEZAVISNI KANDIDAT,0,0
37,JUSUF ARIFAGIĆ - ZA DRŽAVU BIH,0,0
37,SENAD BRATIĆ - POKRET DRŽAVA,0,0
37,SMILJANIĆ MILJAN - NEZAVISNI KANDIDAT,0,0
37,IVANOVIĆ DALIBOR - NEZAVISNI KANDIDAT,0,0
37,DOBRILOVIĆ ANA - NEZAVISNI KANDIDAT,0,0
37,ALEN POPOVIĆ - NOVO DOBA,0,0
37,MILOŠEVIĆ GORAN - NEZAVISNI KANDIDAT,0,0
37,DESPOT DAVOR - NEZAVISNI KANDIDAT,0,0
37,AMIR REKO - EKOLOŠKA PARTIJA REPUBLIKE SRPSKE,0,0
37,NIKOLA SUVAJAC - NS,0,0
37,DEJAN PEJIĆ - LIBERALNA STRANKA - LS BIH,0,0
37,ZORAN KALINIĆ - NAŠA PRIČA REPUBLIKA SRPSKA,0,0
37,GAŠEVIĆ IGOR - NEZAVISNI KANDIDAT,0,0
37,DURAKOVIĆ ĆAMIL - NEZAVISNI KANDIDAT,0,0
37,SEKULIĆ SLAVKO - NEZAVISNI KANDIDAT,0,0
37,NEĐO ĐURIĆ - SPS - SOCIJALISTIČKA PARTIJA SRPSKE - GORAN SELAK,0,0
37,DRAGIČEVIĆ SLAVKO - NEZAVISNI KANDIDAT,0,0
37,"LJUBIŠA ALADŽIĆ - SRPSKA NAPREDNA STRANKA RS-FBIH ""ZA PROMJENE""",0,0
37,DRAGIČEVIĆ DUŠAN - NEZAVISNI KANDIDAT,0,0
38,MILORAD DODIK - SAVEZ NEZAVISNIH SOCIJALDEMOKRATA - SNSD - MILORAD DODIK,63,61.17
38,JELENA TRIVIĆ - PDP - PARTIJA DEMOKRATSKOG PROGRESA,36,34.95
38,NEĐO ĐURIĆ - SPS - SOCIJALISTIČKA PARTIJA SRPSKE - GORAN SELAK,1,0.97
38,DEJAN PEJIĆ - LIBERALNA STRANKA - LS BIH,1,0.97
38,ZORAN KALINIĆ - NAŠA PRIČA REPUBLIKA SRPSKA,1,0.97
38,IVANOVIĆ DALIBOR - NEZAVISNI KANDIDAT,1,0.97
38,ILIĆ MIROSLAV - NEZAVISNI KANDIDAT,0,0
38,ANĐELIĆ MILAN - NEZAVISNI KANDIDAT,0,0
38,BEGIĆ IVAN - NEZAVISNI KANDIDAT,0,0
38,BUBIĆ JELENKO - NEZAVISNI KANDIDAT,0,0
38,SENAD BRATIĆ - POKRET DRŽAVA,0,0
38,DAČAJ GAZMEND - NEZAVISNI KANDIDAT,0,0
38,ĐURĐEVIĆ DUŠKO - NEZAVISNI KANDIDAT,0,0
38,"DAVOR PRANJIĆ - HDZ BIH,HSP BIH,HKDU,HSP AS,HSP HB,HRAST,HDU",0,0
38,VLADIMIR BIJELIĆ - STRANKA ŽIVOT,0,0
38,MILIVOJEVIĆ CVIJETIN - NEZAVISNI KANDIDAT,0,0
38,SMILJANIĆ MILJAN - NEZAVISNI KANDIDAT,0,0
38,JUSUF ARIFAGIĆ - ZA DRŽAVU BIH,0,0
38,DESPOT DAVOR - NEZAVISNI KANDIDAT,0,0
38,DOBRILOVIĆ ANA - NEZAVISNI KANDIDAT,0,0
38,RADISLAV JOVIČIĆ - DNS-DEMOKRATSKI NARODNI SAVEZ,0,0
38,AMIR REKO - EKOLOŠKA PARTIJA REPUBLIKE SRPSKE,0,0
38,DURAKOVIĆ ĆAMIL - NEZAVISNI KANDIDAT,0,0
38,NIKOLA SUVAJAC - NS,0,0
38,GAŠEVIĆ IGOR - NEZAVISNI KANDIDAT,0,0
38,SEKULIĆ SLAVKO - NEZAVISNI KANDIDAT,0,0
38,ALEN POPOVIĆ - NOVO DOBA,0,0
38,DRAGIČEVIĆ DUŠAN - NEZAVISNI KANDIDAT,0,0
38,"LJUBIŠA ALADŽIĆ - SRPSKA NAPREDNA STRANKA RS-FBIH ""ZA PROMJENE""",0,0
38,MILOŠEVIĆ GORAN - NEZAVISNI KANDIDAT,0,0
38,DRAGIČEVIĆ SLAVKO - NEZAVISNI KANDIDAT,0,0
39,MILORAD DODIK - SAVEZ NEZAVISNIH SOCIJALDEMOKRATA - SNSD - MILORAD DODIK,124,51.45
39,JELENA TRIVIĆ - PDP - PARTIJA DEMOKRATSKOG PROGRESA,109,45.23
39,RADISLAV JOVIČIĆ - DNS-DEMOKRATSKI NARODNI SAVEZ,4,1.66
39,VLADIMIR BIJELIĆ - STRANKA ŽIVOT,2,0.83
39,DESPOT DAVOR - NEZAVISNI KANDIDAT,1,0.41
39,ILIĆ MIROSLAV - NEZAVISNI KANDIDAT,1,0.41
39,ANĐELIĆ MILAN - NEZAVISNI KANDIDAT,0,0
39,BEGIĆ IVAN - NEZAVISNI KANDIDAT,0,0
39,BUBIĆ JELENKO - NEZAVISNI KANDIDAT,0,0
39,IVANOVIĆ DALIBOR - NEZAVISNI KANDIDAT,0,0
39,MILIVOJEVIĆ CVIJETIN - NEZAVISNI KANDIDAT,0,0
39,DAČAJ GAZMEND - NEZAVISNI KANDIDAT,0,0
39,ĐURĐEVIĆ DUŠKO - NEZAVISNI KANDIDAT,0,0
39,JUSUF ARIFAGIĆ - ZA DRŽAVU BIH,0,0
39,SENAD BRATIĆ - POKRET DRŽAVA,0,0
39,DOBRILOVIĆ ANA - NEZAVISNI KANDIDAT,0,0
39,"DAVOR PRANJIĆ - HDZ BIH,HSP BIH,HKDU,HSP AS,HSP HB,HRAST,HDU",0,0
39,SMILJANIĆ MILJAN - NEZAVISNI KANDIDAT,0,0
39,AMIR REKO - EKOLOŠKA PARTIJA REPUBLIKE SRPSKE,0,0
39,DURAKOVIĆ ĆAMIL - NEZAVISNI KANDIDAT,0,0
39,NIKOLA SUVAJAC - NS,0,0
39,DEJAN PEJIĆ - LIBERALNA STRANKA - LS BIH,0,0
39,ZORAN KALINIĆ - NAŠA PRIČA REPUBLIKA SRPSKA,0,0
39,GAŠEVIĆ IGOR - NEZAVISNI KANDIDAT,0,0
39,DRAGIČEVIĆ SLAVKO - NEZAVISNI KANDIDAT,0,0
39,SEKULIĆ SLAVKO - NEZAVISNI KANDIDAT,0,0
39,NEĐO ĐURIĆ - SPS - SOCIJALISTIČKA PARTIJA SRPSKE - GORAN SELAK,0,0
39,ALEN POPOVIĆ - NOVO DOBA,0,0
39,DRAGIČEVIĆ DUŠAN - NEZAVISNI KANDIDAT,0,0
39,"LJUBIŠA ALADŽIĆ - SRPSKA NAPREDNA STRANKA RS-FBIH ""ZA PROMJENE""",0,0
39,MILOŠEVIĆ GORAN - NEZAVISNI KANDIDAT,0,0
40,JELENA TRIVIĆ - PDP - PARTIJA DEMOKRATSKOG PROGRESA,125,49.6
40,MILORAD DODIK - SAVEZ NEZAVISNIH SOCIJALDEMOKRATA - SNSD - MILORAD DODIK,111,44.05
40,DEJAN PEJIĆ - LIBERALNA STRANKA - LS BIH,5,1.98
40,MILIVOJEVIĆ CVIJETIN - NEZAVISNI KANDIDAT,3,1.19
40,ZORAN KALINIĆ - NAŠA PRIČA REPUBLIKA SRPSKA,2,0.79
40,NEĐO ĐURIĆ - SPS - SOCIJALISTIČKA PARTIJA SRPSKE - GORAN SELAK,1,0.4
40,JUSUF ARIFAGIĆ - ZA DRŽAVU BIH,1,0.4
40,NIKOLA SUVAJAC - NS,1,0.4
40,DRAGIČEVIĆ SLAVKO - NEZAVISNI KANDIDAT,1,0.4
40,IVANOVIĆ DALIBOR - NEZAVISNI KANDIDAT,1,0.4
40,BEGIĆ IVAN - NEZAVISNI KANDIDAT,1,0.4
40,BUBIĆ JELENKO - NEZAVISNI KANDIDAT,0,0
40,ILIĆ MIROSLAV - NEZAVISNI KANDIDAT,0,0
40,ANĐELIĆ MILAN - NEZAVISNI KANDIDAT,0,0
40,ĐURĐEVIĆ DUŠKO - NEZAVISNI KANDIDAT,0,0
40,SENAD BRATIĆ - POKRET DRŽAVA,0,0
40,"DAVOR PRANJIĆ - HDZ BIH,HSP BIH,HKDU,HSP AS,HSP HB,HRAST,HDU",0,0
40,DAČAJ GAZMEND - NEZAVISNI KANDIDAT,0,0
40,VLADIMIR BIJELIĆ - STRANKA ŽIVOT,0,0
40,RADISLAV JOVIČIĆ - DNS-DEMOKRATSKI NARODNI SAVEZ,0,0
40,DOBRILOVIĆ ANA - NEZAVISNI KANDIDAT,0,0
40,AMIR REKO - EKOLOŠKA PARTIJA REPUBLIKE SRPSKE,0,0
40,DURAKOVIĆ ĆAMIL - NEZAVISNI KANDIDAT,0,0
40,GAŠEVIĆ IGOR - NEZAVISNI KANDIDAT,0,0
40,SEKULIĆ SLAVKO - NEZAVISNI KANDIDAT,0,0
40,ALEN POPOVIĆ - NOVO DOBA,0,0
40,DRAGIČEVIĆ DUŠAN - NEZAVISNI KANDIDAT,0,0
40,"LJUBIŠA ALADŽIĆ - SRPSKA NAPREDNA STRANKA RS-FBIH ""ZA PROMJENE""",0,0
40,MILOŠEVIĆ GORAN - NEZAVISNI KANDIDAT,0,0
40,DESPOT DAVOR - NEZAVISNI KANDIDAT,0,0
40,SMILJANIĆ MILJAN - NEZAVISNI KANDIDAT,0,0
41,JELENA TRIVIĆ - PDP - PARTIJA DEMOKRATSKOG PROGRESA,121,54.02
41,MILORAD DODIK - SAVEZ NEZAVISNIH SOCIJALDEMOKRATA - SNSD - MILORAD DODIK,99,44.2
41,DURAKOVIĆ ĆAMIL - NEZAVISNI KANDIDAT,1,0.45
41,DEJAN PEJIĆ - LIBERALNA STRANKA - LS BIH,1,0.45
41,ĐURĐEVIĆ DUŠKO - NEZAVISNI KANDIDAT,1,0.45
41,BUBIĆ JELENKO - NEZAVISNI KANDIDAT,1,0.45
41,VLADIMIR BIJELIĆ - STRANKA ŽIVOT,0,0
41,ANĐELIĆ MILAN - NEZAVISNI KANDIDAT,0,0
41,BEGIĆ IVAN - NEZAVISNI KANDIDAT,0,0
41,ILIĆ MIROSLAV - NEZAVISNI KANDIDAT,0,0
41,MILIVOJEVIĆ CVIJETIN - NEZAVISNI KANDIDAT,0,0
41,"DAVOR PRANJIĆ - HDZ BIH,HSP BIH,HKDU,HSP AS,HSP HB,HRAST,HDU",0,0
41,DAČAJ GAZMEND - NEZAVISNI KANDIDAT,0,0
41,JUSUF ARIFAGIĆ - ZA DRŽAVU BIH,0,0
41,SENAD BRATIĆ - POKRET DRŽAVA,0,0
41,IVANOVIĆ DALIBOR - NEZAVISNI KANDIDAT,0,0
41,DOBRILOVIĆ ANA - NEZAVISNI KANDIDAT,0,0
41,SMILJANIĆ MILJAN - NEZAVISNI KANDIDAT,0,0
41,DESPOT DAVOR - NEZAVISNI KANDIDAT,0,0
41,RADISLAV JOVIČIĆ - DNS-DEMOKRATSKI NARODNI SAVEZ,0,0
41,AMIR REKO - EKOLOŠKA PARTIJA REPUBLIKE SRPSKE,0,0
41,NIKOLA SUVAJAC - NS,0,0
41,ZORAN KALINIĆ - NAŠA PRIČA REPUBLIKA SRPSKA,0,0
41,GAŠEVIĆ IGOR - NEZAVISNI KANDIDAT,0,0
41,DRAGIČEVIĆ SLAVKO - NEZAVISNI KANDIDAT,0,0
41,NEĐO ĐURIĆ - SPS - SOCIJALISTIČKA PARTIJA SRPSKE - GORAN SELAK,0,0
41,ALEN POPOVIĆ - NOVO DOBA,0,0
41,DRAGIČEVIĆ DUŠAN - NEZAVISNI KANDIDAT,0,0
41,"LJUBIŠA ALADŽIĆ - SRPSKA NAPREDNA STRANKA RS-FBIH ""ZA PROMJENE""",0,0
41,MILOŠEVIĆ GORAN - NEZAVISNI KANDIDAT,0,0
41,SEKULIĆ SLAVKO - NEZAVISNI KANDIDAT,0,0
